Wavelength,Intensity Source #3,,starting W (nm),ending W (nm),Delta W (nm),Intensity,,,Source #3
341.909,1.587,,408.9,408.9,0,45.264,,Integration Time,751 ms
342.284,1.611,,432.5,434,1.5,99.976,,Number of Scans to Average,9
342.659,1.636,,484.2,487.1,2.9,99.976,,Smoothing,0
343.035,1.636,,653.5,658.7,5.2,99.976,,,
343.41,1.66,,,,,,,,
343.785,1.636,,,,,,,,
344.16,1.66,,,,,,,,
344.536,1.66,,,,,,,,
344.911,1.66,,,,,,,,
345.286,1.685,,,,,,,,
345.661,1.685,,,,,,,,
346.036,1.685,,,,,,,,
346.411,1.733,,,,,,,,
346.786,1.758,,,,,,,,
347.161,1.733,,,,,,,,
347.536,1.733,,,,,,,,
347.911,1.733,,,,,,,,
348.285,1.733,,,,,,,,
348.66,1.733,,,,,,,,
349.035,1.88,,,,,,,,
349.41,2.295,,,,,,,,
349.784,2.612,,,,,,,,
350.159,2.832,,,,,,,,
350.534,3.027,,,,,,,,
350.908,3.198,,,,,,,,
351.283,3.442,,,,,,,,
351.657,4.004,,,,,,,,
352.032,4.59,,,,,,,,
352.406,4.858,,,,,,,,
352.781,4.248,,,,,,,,
353.155,3.613,,,,,,,,
353.53,3.125,,,,,,,,
353.904,3.003,,,,,,,,
354.278,3.369,,,,,,,,
354.652,3.784,,,,,,,,
355.027,4.419,,,,,,,,
355.401,5.225,,,,,,,,
355.775,6.519,,,,,,,,
356.149,7.788,,,,,,,,
356.523,7.227,,,,,,,,
356.897,5.835,,,,,,,,
357.271,3.76,,,,,,,,
357.645,3.027,,,,,,,,
358.019,2.783,,,,,,,,
358.393,2.661,,,,,,,,
358.767,2.71,,,,,,,,
359.141,2.759,,,,,,,,
359.515,2.759,,,,,,,,
359.889,2.734,,,,,,,,
360.262,2.71,,,,,,,,
360.636,2.686,,,,,,,,
361.01,2.612,,,,,,,,
361.384,2.612,,,,,,,,
361.757,2.734,,,,,,,,
362.131,2.808,,,,,,,,
362.504,2.881,,,,,,,,
362.878,2.881,,,,,,,,
363.251,2.881,,,,,,,,
363.625,2.856,,,,,,,,
363.998,2.783,,,,,,,,
364.372,2.832,,,,,,,,
364.745,2.954,,,,,,,,
365.118,3.345,,,,,,,,
365.492,3.442,,,,,,,,
365.865,3.564,,,,,,,,
366.238,3.442,,,,,,,,
366.611,3.32,,,,,,,,
366.984,3.223,,,,,,,,
367.357,2.979,,,,,,,,
367.731,3.198,,,,,,,,
368.104,3.418,,,,,,,,
368.477,3.564,,,,,,,,
368.85,3.857,,,,,,,,
369.223,4.248,,,,,,,,
369.595,4.736,,,,,,,,
369.968,4.419,,,,,,,,
370.341,3.931,,,,,,,,
370.714,3.369,,,,,,,,
371.087,3.369,,,,,,,,
371.46,3.418,,,,,,,,
371.832,3.613,,,,,,,,
372.205,3.711,,,,,,,,
372.578,4.175,,,,,,,,
372.95,4.712,,,,,,,,
373.323,5.2,,,,,,,,
373.695,6.104,,,,,,,,
374.068,7.178,,,,,,,,
374.44,6.543,,,,,,,,
374.813,5.176,,,,,,,,
375.185,3.833,,,,,,,,
375.557,3.564,,,,,,,,
375.93,3.467,,,,,,,,
376.302,3.516,,,,,,,,
376.674,3.76,,,,,,,,
377.047,3.882,,,,,,,,
377.419,4.15,,,,,,,,
377.791,4.956,,,,,,,,
378.163,5.591,,,,,,,,
378.535,6.519,,,,,,,,
378.907,7.642,,,,,,,,
379.279,7.788,,,,,,,,
379.651,6.03,,,,,,,,
380.023,4.053,,,,,,,,
380.395,3.467,,,,,,,,
380.767,3.149,,,,,,,,
381.139,3.125,,,,,,,,
381.511,3.149,,,,,,,,
381.882,3.394,,,,,,,,
382.254,4.028,,,,,,,,
382.626,4.224,,,,,,,,
382.998,4.565,,,,,,,,
383.369,3.979,,,,,,,,
383.741,3.979,,,,,,,,
384.112,4.419,,,,,,,,
384.484,5.322,,,,,,,,
384.855,4.468,,,,,,,,
385.227,4.175,,,,,,,,
385.598,4.126,,,,,,,,
385.97,3.955,,,,,,,,
386.341,4.272,,,,,,,,
386.712,4.517,,,,,,,,
387.084,5.176,,,,,,,,
387.455,7.178,,,,,,,,
387.826,7.983,,,,,,,,
388.197,7.935,,,,,,,,
388.569,6.079,,,,,,,,
388.94,4.468,,,,,,,,
389.311,3.979,,,,,,,,
389.682,4.175,,,,,,,,
390.053,4.468,,,,,,,,
390.424,4.321,,,,,,,,
390.795,4.297,,,,,,,,
391.166,4.272,,,,,,,,
391.537,4.907,,,,,,,,
391.907,5.2,,,,,,,,
392.278,5.64,,,,,,,,
392.649,6.616,,,,,,,,
393.02,7.568,,,,,,,,
393.391,6.616,,,,,,,,
393.761,4.834,,,,,,,,
394.132,4.224,,,,,,,,
394.502,4.102,,,,,,,,
394.873,4.199,,,,,,,,
395.244,5.298,,,,,,,,
395.614,12.402,,,,,,,,
395.985,13.184,,,,,,,,
396.355,12.28,,,,,,,,
396.725,6.396,,,,,,,,
397.096,5.493,,,,,,,,
397.466,6.055,,,,,,,,
397.836,6.445,,,,,,,,
398.207,7.788,,,,,,,,
398.577,7.764,,,,,,,,
398.947,6.445,,,,,,,,
399.317,4.687,,,,,,,,
399.687,3.979,,,,,,,,
400.057,3.931,,,,,,,,
400.427,3.955,,,,,,,,
400.797,4.004,,,,,,,,
401.167,4.053,,,,,,,,
401.537,4.834,,,,,,,,
401.907,4.297,,,,,,,,
402.277,4.443,,,,,,,,
402.647,4.565,,,,,,,,
403.017,4.858,,,,,,,,
403.386,5.347,,,,,,,,
403.756,5.518,,,,,,,,
404.126,6.323,,,,,,,,
404.496,7.056,,,,,,,,
404.865,6.323,,,,,,,,
405.235,5.566,,,,,,,,
405.604,4.785,,,,,,,,
405.974,4.907,,,,,,,,
406.343,4.932,,,,,,,,
406.713,4.736,,,,,,,,
407.082,5.347,,,,,,,,
407.452,5.566,,,,,,,,
407.821,6.47,,,,,,,,
408.19,7.715,,,,,,,,
408.559,25.293,,,,,,,,
408.929,51.66,,,,,,,,
409.298,50.415,,,,,,,,
409.667,31.982,,,,,,,,
410.036,6.665,,,,,,,,
410.405,4.785,,,,,,,,
410.774,4.736,,,,,,,,
411.143,4.687,,,,,,,,
411.512,5.225,,,,,,,,
411.881,5.347,,,,,,,,
412.25,5.811,,,,,,,,
412.619,6.665,,,,,,,,
412.988,6.299,,,,,,,,
413.357,5.493,,,,,,,,
413.725,4.663,,,,,,,,
414.094,4.248,,,,,,,,
414.463,4.565,,,,,,,,
414.832,4.468,,,,,,,,
415.2,4.321,,,,,,,,
415.569,4.639,,,,,,,,
415.937,4.932,,,,,,,,
416.306,4.956,,,,,,,,
416.674,5.762,,,,,,,,
417.043,5.493,,,,,,,,
417.411,5.786,,,,,,,,
417.78,6.25,,,,,,,,
418.148,6.348,,,,,,,,
418.516,7.031,,,,,,,,
418.885,6.592,,,,,,,,
419.253,6.494,,,,,,,,
419.621,5.225,,,,,,,,
419.989,4.883,,,,,,,,
420.357,4.517,,,,,,,,
420.725,4.419,,,,,,,,
421.093,4.858,,,,,,,,
421.461,4.419,,,,,,,,
421.829,4.37,,,,,,,,
422.197,4.297,,,,,,,,
422.565,4.395,,,,,,,,
422.933,4.639,,,,,,,,
423.301,4.517,,,,,,,,
423.669,4.834,,,,,,,,
424.037,5.078,,,,,,,,
424.404,5.347,,,,,,,,
424.772,5.688,,,,,,,,
425.14,6.055,,,,,,,,
425.507,6.812,,,,,,,,
425.875,6.396,,,,,,,,
426.242,5.811,,,,,,,,
426.61,7.031,,,,,,,,
426.977,5.151,,,,,,,,
427.345,5.103,,,,,,,,
427.712,4.907,,,,,,,,
428.08,4.81,,,,,,,,
428.447,4.834,,,,,,,,
428.814,4.907,,,,,,,,
429.182,4.663,,,,,,,,
429.549,4.883,,,,,,,,
429.916,5.005,,,,,,,,
430.283,5.103,,,,,,,,
430.65,5.322,,,,,,,,
431.017,5.908,,,,,,,,
431.384,6.958,,,,,,,,
431.752,8.936,,,,,,,,
432.118,16.04,,,,,,,,
432.485,99.976,,,,,,,,
432.852,99.976,,,,,,,,
433.219,99.976,,,,,,,,
433.586,99.976,,,,,,,,
433.953,99.976,,,,,,,,
434.32,15.869,,,,,,,,
434.686,6.958,,,,,,,,
435.053,6.177,,,,,,,,
435.42,6.128,,,,,,,,
435.786,6.299,,,,,,,,
436.153,5.713,,,,,,,,
436.519,5.225,,,,,,,,
436.886,5.103,,,,,,,,
437.252,4.907,,,,,,,,
437.619,5.347,,,,,,,,
437.985,5.273,,,,,,,,
438.352,5.322,,,,,,,,
438.718,5.347,,,,,,,,
439.084,5.371,,,,,,,,
439.45,5.737,,,,,,,,
439.817,6.274,,,,,,,,
440.183,7.397,,,,,,,,
440.549,7.593,,,,,,,,
440.915,6.787,,,,,,,,
441.281,6.03,,,,,,,,
441.647,5.371,,,,,,,,
442.013,5.347,,,,,,,,
442.379,5.078,,,,,,,,
442.745,4.858,,,,,,,,
443.111,5.249,,,,,,,,
443.477,5.542,,,,,,,,
443.843,5.884,,,,,,,,
444.208,5.786,,,,,,,,
444.574,5.688,,,,,,,,
444.94,5.933,,,,,,,,
445.306,5.933,,,,,,,,
445.671,5.859,,,,,,,,
446.037,5.688,,,,,,,,
446.402,5.786,,,,,,,,
446.768,5.957,,,,,,,,
447.133,5.811,,,,,,,,
447.499,6.812,,,,,,,,
447.864,6.982,,,,,,,,
448.23,6.763,,,,,,,,
448.595,6.03,,,,,,,,
448.96,5.884,,,,,,,,
449.325,5.688,,,,,,,,
449.691,5.103,,,,,,,,
450.056,5.273,,,,,,,,
450.421,8.618,,,,,,,,
450.786,5.396,,,,,,,,
451.151,5.713,,,,,,,,
451.516,5.322,,,,,,,,
451.881,5.371,,,,,,,,
452.246,5.42,,,,,,,,
452.611,6.079,,,,,,,,
452.976,5.078,,,,,,,,
453.341,5.176,,,,,,,,
453.706,5.566,,,,,,,,
454.071,5.273,,,,,,,,
454.435,5.786,,,,,,,,
454.8,5.688,,,,,,,,
455.165,5.884,,,,,,,,
455.529,5.957,,,,,,,,
455.894,6.396,,,,,,,,
456.259,6.763,,,,,,,,
456.623,6.812,,,,,,,,
456.988,6.104,,,,,,,,
457.352,5.542,,,,,,,,
457.716,5.2,,,,,,,,
458.081,5.249,,,,,,,,
458.445,5.2,,,,,,,,
458.809,4.736,,,,,,,,
459.174,4.883,,,,,,,,
459.538,4.98,,,,,,,,
459.902,5.054,,,,,,,,
460.266,5.029,,,,,,,,
460.63,5.2,,,,,,,,
460.994,5.591,,,,,,,,
461.359,5.835,,,,,,,,
461.723,6.714,,,,,,,,
462.086,7.69,,,,,,,,
462.45,7.446,,,,,,,,
462.814,7.056,,,,,,,,
463.178,6.079,,,,,,,,
463.542,6.006,,,,,,,,
463.906,5.981,,,,,,,,
464.27,6.763,,,,,,,,
464.633,5.664,,,,,,,,
464.997,5.566,,,,,,,,
465.361,5.835,,,,,,,,
465.724,5.664,,,,,,,,
466.088,6.47,,,,,,,,
466.451,5.542,,,,,,,,
466.815,5.591,,,,,,,,
467.178,5.493,,,,,,,,
467.542,5.933,,,,,,,,
467.905,5.859,,,,,,,,
468.268,5.713,,,,,,,,
468.632,5.396,,,,,,,,
468.995,5.566,,,,,,,,
469.358,5.493,,,,,,,,
469.721,5.811,,,,,,,,
470.084,5.908,,,,,,,,
470.448,6.104,,,,,,,,
470.811,6.519,,,,,,,,
471.174,6.445,,,,,,,,
471.537,6.104,,,,,,,,
471.9,5.469,,,,,,,,
472.263,5.493,,,,,,,,
472.625,5.493,,,,,,,,
472.988,5.493,,,,,,,,
473.351,5.444,,,,,,,,
473.714,5.933,,,,,,,,
474.077,5.713,,,,,,,,
474.439,5.42,,,,,,,,
474.802,5.664,,,,,,,,
475.165,5.737,,,,,,,,
475.527,5.469,,,,,,,,
475.89,5.566,,,,,,,,
476.252,6.006,,,,,,,,
476.615,5.762,,,,,,,,
476.977,6.055,,,,,,,,
477.339,6.226,,,,,,,,
477.702,6.323,,,,,,,,
478.064,7.251,,,,,,,,
478.426,9.009,,,,,,,,
478.789,11.353,,,,,,,,
479.151,12.524,,,,,,,,
479.513,12.305,,,,,,,,
479.875,11.255,,,,,,,,
480.237,10.815,,,,,,,,
480.599,10.059,,,,,,,,
480.961,9.546,,,,,,,,
481.323,9.473,,,,,,,,
481.685,9.375,,,,,,,,
482.047,9.839,,,,,,,,
482.409,10.962,,,,,,,,
482.771,11.67,,,,,,,,
483.133,13.135,,,,,,,,
483.494,17.358,,,,,,,,
483.856,29.81,,,,,,,,
484.218,99.976,,,,,,,,
484.579,99.976,,,,,,,,
484.941,99.976,,,,,,,,
485.303,99.976,,,,,,,,
485.664,99.976,,,,,,,,
486.026,99.976,,,,,,,,
486.387,99.976,,,,,,,,
486.748,99.976,,,,,,,,
487.11,99.976,,,,,,,,
487.471,32.031,,,,,,,,
487.832,14.502,,,,,,,,
488.194,12.305,,,,,,,,
488.555,10.571,,,,,,,,
488.916,9.717,,,,,,,,
489.277,8.936,,,,,,,,
489.638,8.35,,,,,,,,
489.999,8.228,,,,,,,,
490.361,7.593,,,,,,,,
490.721,7.593,,,,,,,,
491.082,7.959,,,,,,,,
491.443,8.203,,,,,,,,
491.804,9.033,,,,,,,,
492.165,9.448,,,,,,,,
492.526,9.106,,,,,,,,
492.887,7.959,,,,,,,,
493.247,7.08,,,,,,,,
493.608,6.592,,,,,,,,
493.969,6.372,,,,,,,,
494.329,6.689,,,,,,,,
494.69,6.519,,,,,,,,
495.05,6.543,,,,,,,,
495.411,6.86,,,,,,,,
495.771,6.885,,,,,,,,
496.132,7.861,,,,,,,,
496.492,7.324,,,,,,,,
496.852,6.665,,,,,,,,
497.213,6.348,,,,,,,,
497.573,6.25,,,,,,,,
497.933,5.957,,,,,,,,
498.293,6.274,,,,,,,,
498.654,5.884,,,,,,,,
499.014,6.079,,,,,,,,
499.374,6.201,,,,,,,,
499.734,6.201,,,,,,,,
500.094,6.836,,,,,,,,
500.454,6.763,,,,,,,,
500.814,6.641,,,,,,,,
501.174,6.372,,,,,,,,
501.533,6.128,,,,,,,,
501.893,5.908,,,,,,,,
502.253,5.933,,,,,,,,
502.613,6.226,,,,,,,,
502.972,6.665,,,,,,,,
503.332,5.957,,,,,,,,
503.692,6.519,,,,,,,,
504.051,6.03,,,,,,,,
504.411,6.128,,,,,,,,
504.77,5.859,,,,,,,,
505.13,6.226,,,,,,,,
505.489,6.396,,,,,,,,
505.848,6.47,,,,,,,,
506.208,5.981,,,,,,,,
506.567,6.079,,,,,,,,
506.926,6.299,,,,,,,,
507.286,6.177,,,,,,,,
507.645,5.908,,,,,,,,
508.004,5.469,,,,,,,,
508.363,5.396,,,,,,,,
508.722,5.347,,,,,,,,
509.081,5.42,,,,,,,,
509.44,6.226,,,,,,,,
509.799,5.566,,,,,,,,
510.158,6.421,,,,,,,,
510.517,5.566,,,,,,,,
510.876,5.444,,,,,,,,
511.234,5.2,,,,,,,,
511.593,5.225,,,,,,,,
511.952,5.347,,,,,,,,
512.311,5.078,,,,,,,,
512.669,5.249,,,,,,,,
513.028,5.615,,,,,,,,
513.386,5.444,,,,,,,,
513.745,5.322,,,,,,,,
514.103,6.519,,,,,,,,
514.462,5.42,,,,,,,,
514.82,5.493,,,,,,,,
515.179,5.64,,,,,,,,
515.537,5.322,,,,,,,,
515.895,5.42,,,,,,,,
516.253,5.518,,,,,,,,
516.612,5.664,,,,,,,,
516.97,5.591,,,,,,,,
517.328,5.2,,,,,,,,
517.686,5.176,,,,,,,,
518.044,5.371,,,,,,,,
518.402,5.469,,,,,,,,
518.76,5.347,,,,,,,,
519.118,5.688,,,,,,,,
519.476,5.176,,,,,,,,
519.834,5.176,,,,,,,,
520.192,5.176,,,,,,,,
520.549,4.956,,,,,,,,
520.907,5.518,,,,,,,,
521.265,5.2,,,,,,,,
521.622,5.176,,,,,,,,
521.98,5.249,,,,,,,,
522.338,5.249,,,,,,,,
522.695,4.98,,,,,,,,
523.053,5.078,,,,,,,,
523.41,5.078,,,,,,,,
523.768,5.103,,,,,,,,
524.125,5.347,,,,,,,,
524.482,5.298,,,,,,,,
524.84,5.176,,,,,,,,
525.197,5.42,,,,,,,,
525.554,5.493,,,,,,,,
525.911,5.42,,,,,,,,
526.268,5.225,,,,,,,,
526.626,5.664,,,,,,,,
526.983,5.127,,,,,,,,
527.34,4.932,,,,,,,,
527.697,5.2,,,,,,,,
528.054,5.835,,,,,,,,
528.41,4.858,,,,,,,,
528.767,5.273,,,,,,,,
529.124,5.176,,,,,,,,
529.481,5.103,,,,,,,,
529.838,5.127,,,,,,,,
530.194,4.956,,,,,,,,
530.551,5.493,,,,,,,,
530.908,5.347,,,,,,,,
531.264,5.396,,,,,,,,
531.621,5.981,,,,,,,,
531.977,6.421,,,,,,,,
532.334,6.274,,,,,,,,
532.69,5.615,,,,,,,,
533.047,5.542,,,,,,,,
533.403,5.347,,,,,,,,
533.759,4.98,,,,,,,,
534.116,5.054,,,,,,,,
534.472,5.005,,,,,,,,
534.828,5.054,,,,,,,,
535.184,5.029,,,,,,,,
535.54,5.298,,,,,,,,
535.896,5.273,,,,,,,,
536.252,5.347,,,,,,,,
536.608,5.127,,,,,,,,
536.964,5.103,,,,,,,,
537.32,5.396,,,,,,,,
537.676,5.493,,,,,,,,
538.032,6.055,,,,,,,,
538.388,5.249,,,,,,,,
538.744,5.151,,,,,,,,
539.099,5.42,,,,,,,,
539.455,5.078,,,,,,,,
539.811,5.225,,,,,,,,
540.166,5.225,,,,,,,,
540.522,5.64,,,,,,,,
540.877,5.957,,,,,,,,
541.233,7.08,,,,,,,,
541.588,6.055,,,,,,,,
541.944,6.201,,,,,,,,
542.299,5.981,,,,,,,,
542.654,6.177,,,,,,,,
543.01,5.835,,,,,,,,
543.365,5.64,,,,,,,,
543.72,5.371,,,,,,,,
544.075,5.2,,,,,,,,
544.43,5.347,,,,,,,,
544.785,5.493,,,,,,,,
545.14,5.371,,,,,,,,
545.495,5.664,,,,,,,,
545.85,5.249,,,,,,,,
546.205,5.225,,,,,,,,
546.56,5.273,,,,,,,,
546.915,5.298,,,,,,,,
547.27,5.347,,,,,,,,
547.625,5.322,,,,,,,,
547.979,4.883,,,,,,,,
548.334,5.2,,,,,,,,
548.689,5.347,,,,,,,,
549.043,5.298,,,,,,,,
549.398,5.42,,,,,,,,
549.752,5.151,,,,,,,,
550.107,5.298,,,,,,,,
550.461,5.298,,,,,,,,
550.816,5.322,,,,,,,,
551.17,5.249,,,,,,,,
551.524,5.005,,,,,,,,
551.878,5.2,,,,,,,,
552.233,5.347,,,,,,,,
552.587,5.347,,,,,,,,
552.941,5.371,,,,,,,,
553.295,5.2,,,,,,,,
553.649,5.42,,,,,,,,
554.003,5.103,,,,,,,,
554.357,5.347,,,,,,,,
554.711,5.078,,,,,,,,
555.065,5.005,,,,,,,,
555.419,4.907,,,,,,,,
555.773,4.614,,,,,,,,
556.127,4.956,,,,,,,,
556.48,4.858,,,,,,,,
556.834,4.736,,,,,,,,
557.188,4.834,,,,,,,,
557.541,4.956,,,,,,,,
557.895,5.225,,,,,,,,
558.248,4.785,,,,,,,,
558.602,5.029,,,,,,,,
558.955,5.127,,,,,,,,
559.309,4.883,,,,,,,,
559.662,5.103,,,,,,,,
560.016,4.932,,,,,,,,
560.369,5.469,,,,,,,,
560.722,4.785,,,,,,,,
561.075,4.932,,,,,,,,
561.429,5.029,,,,,,,,
561.782,4.907,,,,,,,,
562.135,5.029,,,,,,,,
562.488,5.151,,,,,,,,
562.841,5.151,,,,,,,,
563.194,5.103,,,,,,,,
563.547,5.127,,,,,,,,
563.9,5.347,,,,,,,,
564.252,5.884,,,,,,,,
564.605,5.469,,,,,,,,
564.958,5.811,,,,,,,,
565.311,6.665,,,,,,,,
565.663,6.104,,,,,,,,
566.016,6.25,,,,,,,,
566.369,5.64,,,,,,,,
566.721,6.177,,,,,,,,
567.074,6.787,,,,,,,,
567.426,7.227,,,,,,,,
567.779,7.3,,,,,,,,
568.131,7.495,,,,,,,,
568.484,7.471,,,,,,,,
568.836,7.715,,,,,,,,
569.188,7.739,,,,,,,,
569.54,7.349,,,,,,,,
569.893,6.592,,,,,,,,
570.245,6.567,,,,,,,,
570.597,6.543,,,,,,,,
570.949,6.079,,,,,,,,
571.301,6.909,,,,,,,,
571.653,8.13,,,,,,,,
572.005,9.424,,,,,,,,
572.357,9.375,,,,,,,,
572.709,9.131,,,,,,,,
573.06,7.983,,,,,,,,
573.412,7.031,,,,,,,,
573.764,6.567,,,,,,,,
574.116,7.642,,,,,,,,
574.467,8.325,,,,,,,,
574.819,8.862,,,,,,,,
575.171,9.131,,,,,,,,
575.522,8.228,,,,,,,,
575.874,8.594,,,,,,,,
576.225,8.325,,,,,,,,
576.577,8.716,,,,,,,,
576.928,9.521,,,,,,,,
577.279,9.106,,,,,,,,
577.631,9.888,,,,,,,,
577.982,10.352,,,,,,,,
578.333,10.083,,,,,,,,
578.684,9.766,,,,,,,,
579.035,9.717,,,,,,,,
579.386,10.303,,,,,,,,
579.737,12.915,,,,,,,,
580.088,14.697,,,,,,,,
580.439,15.283,,,,,,,,
580.79,13.867,,,,,,,,
581.141,12.085,,,,,,,,
581.492,10.669,,,,,,,,
581.843,10.693,,,,,,,,
582.194,10.474,,,,,,,,
582.544,10.547,,,,,,,,
582.895,9.888,,,,,,,,
583.246,8.789,,,,,,,,
583.596,8.716,,,,,,,,
583.947,8.228,,,,,,,,
584.297,7.617,,,,,,,,
584.648,7.959,,,,,,,,
584.998,7.422,,,,,,,,
585.348,8.008,,,,,,,,
585.699,8.203,,,,,,,,
586.049,8.813,,,,,,,,
586.399,8.276,,,,,,,,
586.75,8.862,,,,,,,,
587.1,9.766,,,,,,,,
587.45,10.791,,,,,,,,
587.8,10.815,,,,,,,,
588.15,9.912,,,,,,,,
588.5,8.594,,,,,,,,
588.85,7.568,,,,,,,,
589.2,7.056,,,,,,,,
589.55,6.909,,,,,,,,
589.9,7.251,,,,,,,,
590.249,7.91,,,,,,,,
590.599,8.691,,,,,,,,
590.949,9.009,,,,,,,,
591.299,8.984,,,,,,,,
591.648,10.01,,,,,,,,
591.998,11.206,,,,,,,,
592.347,12.354,,,,,,,,
592.697,11.914,,,,,,,,
593.046,11.694,,,,,,,,
593.396,10.693,,,,,,,,
593.745,9.229,,,,,,,,
594.094,8.716,,,,,,,,
594.444,8.301,,,,,,,,
594.793,8.643,,,,,,,,
595.142,9.229,,,,,,,,
595.491,9.009,,,,,,,,
595.841,9.888,,,,,,,,
596.19,10.571,,,,,,,,
596.539,11.548,,,,,,,,
596.888,11.182,,,,,,,,
597.237,10.596,,,,,,,,
597.586,9.741,,,,,,,,
597.934,8.887,,,,,,,,
598.283,8.154,,,,,,,,
598.632,7.886,,,,,,,,
598.981,8.057,,,,,,,,
599.33,7.837,,,,,,,,
599.678,7.91,,,,,,,,
600.027,7.886,,,,,,,,
600.375,9.546,,,,,,,,
600.724,10.718,,,,,,,,
601.072,11.475,,,,,,,,
601.421,12.061,,,,,,,,
601.769,13.257,,,,,,,,
602.118,12.744,,,,,,,,
602.466,11.279,,,,,,,,
602.814,9.155,,,,,,,,
603.163,8.276,,,,,,,,
603.511,8.13,,,,,,,,
603.859,7.764,,,,,,,,
604.207,7.788,,,,,,,,
604.555,7.666,,,,,,,,
604.903,7.812,,,,,,,,
605.251,8.032,,,,,,,,
605.599,8.496,,,,,,,,
605.947,8.594,,,,,,,,
606.295,8.35,,,,,,,,
606.643,7.935,,,,,,,,
606.99,8.105,,,,,,,,
607.338,8.447,,,,,,,,
607.686,11.475,,,,,,,,
608.034,8.789,,,,,,,,
608.381,8.74,,,,,,,,
608.729,8.105,,,,,,,,
609.076,6.885,,,,,,,,
609.424,6.128,,,,,,,,
609.771,5.811,,,,,,,,
610.119,5.884,,,,,,,,
610.466,6.616,,,,,,,,
610.813,7.129,,,,,,,,
611.16,7.91,,,,,,,,
611.508,7.69,,,,,,,,
611.855,8.447,,,,,,,,
612.202,8.35,,,,,,,,
612.549,8.862,,,,,,,,
612.896,8.032,,,,,,,,
613.243,7.275,,,,,,,,
613.59,6.958,,,,,,,,
613.937,8.594,,,,,,,,
614.284,11.279,,,,,,,,
614.631,13.013,,,,,,,,
614.978,12.598,,,,,,,,
615.324,10.645,,,,,,,,
615.671,9.009,,,,,,,,
616.018,8.179,,,,,,,,
616.364,7.666,,,,,,,,
616.711,7.056,,,,,,,,
617.058,6.885,,,,,,,,
617.404,5.884,,,,,,,,
617.751,5.786,,,,,,,,
618.097,5.981,,,,,,,,
618.443,6.738,,,,,,,,
618.79,7.3,,,,,,,,
619.136,7.153,,,,,,,,
619.482,5.933,,,,,,,,
619.828,6.372,,,,,,,,
620.175,5.127,,,,,,,,
620.521,5.64,,,,,,,,
620.867,6.079,,,,,,,,
621.213,6.641,,,,,,,,
621.559,7.104,,,,,,,,
621.905,7.104,,,,,,,,
622.251,7.129,,,,,,,,
622.597,7.104,,,,,,,,
622.942,6.836,,,,,,,,
623.288,6.128,,,,,,,,
623.634,5.908,,,,,,,,
623.98,5.786,,,,,,,,
624.325,5.322,,,,,,,,
624.671,5.322,,,,,,,,
625.016,5.566,,,,,,,,
625.362,5.713,,,,,,,,
625.707,6.055,,,,,,,,
626.053,6.421,,,,,,,,
626.398,6.226,,,,,,,,
626.744,6.86,,,,,,,,
627.089,6.348,,,,,,,,
627.434,6.396,,,,,,,,
627.779,6.641,,,,,,,,
628.124,6.641,,,,,,,,
628.47,6.909,,,,,,,,
628.815,7.007,,,,,,,,
629.16,7.3,,,,,,,,
629.505,6.958,,,,,,,,
629.85,7.007,,,,,,,,
630.195,7.08,,,,,,,,
630.539,7.544,,,,,,,,
630.884,7.666,,,,,,,,
631.229,8.862,,,,,,,,
631.574,8.472,,,,,,,,
631.919,8.35,,,,,,,,
632.263,8.398,,,,,,,,
632.608,7.812,,,,,,,,
632.952,7.959,,,,,,,,
633.297,8.301,,,,,,,,
633.641,7.959,,,,,,,,
633.986,8.008,,,,,,,,
634.33,8.228,,,,,,,,
634.675,8.496,,,,,,,,
635.019,8.862,,,,,,,,
635.363,8.618,,,,,,,,
635.707,9.375,,,,,,,,
636.052,8.398,,,,,,,,
636.396,8.643,,,,,,,,
636.74,8.35,,,,,,,,
637.084,8.472,,,,,,,,
637.428,9.009,,,,,,,,
637.772,8.936,,,,,,,,
638.116,8.813,,,,,,,,
638.46,9.033,,,,,,,,
638.803,9.082,,,,,,,,
639.147,8.838,,,,,,,,
639.491,9.18,,,,,,,,
639.835,8.96,,,,,,,,
640.178,9.229,,,,,,,,
640.522,8.887,,,,,,,,
640.865,9.302,,,,,,,,
641.209,8.911,,,,,,,,
641.552,9.912,,,,,,,,
641.896,10.01,,,,,,,,
642.239,10.254,,,,,,,,
642.583,11.084,,,,,,,,
642.926,10.303,,,,,,,,
643.269,10.645,,,,,,,,
643.612,11.255,,,,,,,,
643.956,11.841,,,,,,,,
644.299,12.28,,,,,,,,
644.642,12.5,,,,,,,,
644.985,12.817,,,,,,,,
645.328,11.89,,,,,,,,
645.671,12.207,,,,,,,,
646.014,12.622,,,,,,,,
646.357,13.647,,,,,,,,
646.699,13.55,,,,,,,,
647.042,14.209,,,,,,,,
647.385,13.965,,,,,,,,
647.728,15.527,,,,,,,,
648.07,14.502,,,,,,,,
648.413,14.844,,,,,,,,
648.756,15.625,,,,,,,,
649.098,16.26,,,,,,,,
649.441,18.018,,,,,,,,
649.783,19.678,,,,,,,,
650.125,31.055,,,,,,,,
650.468,68.75,,,,,,,,
650.81,80.835,,,,,,,,
651.152,85.327,,,,,,,,
651.494,61.768,,,,,,,,
651.837,55.493,,,,,,,,
652.179,56.934,,,,,,,,
652.521,62.695,,,,,,,,
652.863,73.315,,,,,,,,
653.205,89.868,,,,,,,,
653.547,99.976,,,,,,,,
653.889,99.976,,,,,,,,
654.231,99.976,,,,,,,,
654.572,99.976,,,,,,,,
654.914,99.976,,,,,,,,
655.256,99.976,,,,,,,,
655.598,99.976,,,,,,,,
655.939,99.976,,,,,,,,
656.281,99.976,,,,,,,,
656.622,99.976,,,,,,,,
656.964,99.976,,,,,,,,
657.305,99.976,,,,,,,,
657.647,99.976,,,,,,,,
657.988,99.976,,,,,,,,
658.329,99.976,,,,,,,,
658.671,99.976,,,,,,,,
659.012,98.95,,,,,,,,
659.353,46.069,,,,,,,,
659.694,37.012,,,,,,,,
660.035,31.396,,,,,,,,
660.377,26.855,,,,,,,,
660.718,23.608,,,,,,,,
661.059,21.118,,,,,,,,
661.399,19.434,,,,,,,,
661.74,17.651,,,,,,,,
662.081,16.309,,,,,,,,
662.422,15.259,,,,,,,,
662.763,14.795,,,,,,,,
663.103,14.16,,,,,,,,
663.444,13.281,,,,,,,,
663.785,12.5,,,,,,,,
664.125,12.524,,,,,,,,
664.466,11.914,,,,,,,,
664.806,11.816,,,,,,,,
665.147,11.914,,,,,,,,
665.487,11.011,,,,,,,,
665.828,10.767,,,,,,,,
666.168,10.254,,,,,,,,
666.508,10.01,,,,,,,,
666.848,10.278,,,,,,,,
667.188,9.521,,,,,,,,
667.529,9.595,,,,,,,,
667.869,9.595,,,,,,,,
668.209,9.204,,,,,,,,
668.549,8.936,,,,,,,,
668.889,8.96,,,,,,,,
669.229,8.789,,,,,,,,
669.568,8.374,,,,,,,,
669.908,8.13,,,,,,,,
670.248,8.179,,,,,,,,
670.588,8.057,,,,,,,,
670.927,7.715,,,,,,,,
671.267,8.057,,,,,,,,
671.607,7.715,,,,,,,,
671.946,7.422,,,,,,,,
672.286,7.104,,,,,,,,
672.625,7.446,,,,,,,,
672.965,7.324,,,,,,,,
673.304,6.982,,,,,,,,
673.643,7.397,,,,,,,,
673.983,6.714,,,,,,,,
674.322,6.616,,,,,,,,
674.661,6.812,,,,,,,,
675,7.251,,,,,,,,
675.339,6.86,,,,,,,,
675.678,7.056,,,,,,,,
676.017,6.201,,,,,,,,
676.356,6.104,,,,,,,,
676.695,6.055,,,,,,,,
677.034,5.957,,,,,,,,
677.373,5.859,,,,,,,,
677.712,6.274,,,,,,,,
678.051,5.957,,,,,,,,
678.389,5.786,,,,,,,,
678.728,5.566,,,,,,,,
679.067,5.469,,,,,,,,
679.405,5.396,,,,,,,,
679.744,5.273,,,,,,,,
680.082,5.298,,,,,,,,
680.421,5.298,,,,,,,,
680.759,5.127,,,,,,,,
681.097,5.103,,,,,,,,
681.436,4.98,,,,,,,,
681.774,4.761,,,,,,,,
682.112,4.785,,,,,,,,
682.45,4.614,,,,,,,,
682.788,4.81,,,,,,,,
683.126,4.81,,,,,,,,
683.464,4.272,,,,,,,,
683.802,4.419,,,,,,,,
684.14,5.2,,,,,,,,
684.478,4.102,,,,,,,,
684.816,5.029,,,,,,,,
685.154,4.224,,,,,,,,
685.492,3.931,,,,,,,,
685.829,3.833,,,,,,,,
686.167,3.906,,,,,,,,
686.505,3.687,,,,,,,,
686.842,3.687,,,,,,,,
687.18,4.468,,,,,,,,
687.517,3.735,,,,,,,,
687.855,3.638,,,,,,,,
688.192,3.442,,,,,,,,
688.529,3.442,,,,,,,,
688.867,3.54,,,,,,,,
689.204,3.32,,,,,,,,
689.541,3.247,,,,,,,,
689.878,3.369,,,,,,,,
690.215,3.369,,,,,,,,
690.552,3.247,,,,,,,,
690.889,3.174,,,,,,,,
691.226,3.076,,,,,,,,
691.563,2.979,,,,,,,,
691.9,3.125,,,,,,,,
692.237,3.101,,,,,,,,
692.574,3.076,,,,,,,,
692.911,3.076,,,,,,,,
693.247,3.125,,,,,,,,
693.584,3.149,,,,,,,,
693.921,3.223,,,,,,,,
694.257,3.125,,,,,,,,
694.594,3.223,,,,,,,,
694.93,3.052,,,,,,,,
695.267,2.954,,,,,,,,
695.603,2.905,,,,,,,,
695.939,2.881,,,,,,,,
696.276,2.979,,,,,,,,
696.612,3.003,,,,,,,,
696.948,3.003,,,,,,,,
697.284,2.93,,,,,,,,
697.62,2.832,,,,,,,,
697.956,2.832,,,,,,,,
698.293,2.881,,,,,,,,
698.628,3.052,,,,,,,,
698.964,3.345,,,,,,,,
699.3,3.491,,,,,,,,
699.636,3.32,,,,,,,,
699.972,3.052,,,,,,,,
700.308,3.027,,,,,,,,
700.643,2.979,,,,,,,,
700.979,2.93,,,,,,,,
701.315,2.93,,,,,,,,
701.65,2.954,,,,,,,,
701.986,2.905,,,,,,,,
702.321,2.905,,,,,,,,
702.657,3.101,,,,,,,,
702.992,3.076,,,,,,,,
703.327,3.003,,,,,,,,
703.663,2.954,,,,,,,,
703.998,2.93,,,,,,,,
704.333,2.783,,,,,,,,
704.668,2.832,,,,,,,,
705.003,2.832,,,,,,,,
705.338,2.783,,,,,,,,
705.673,2.686,,,,,,,,
706.008,2.637,,,,,,,,
706.343,2.71,,,,,,,,
706.678,2.686,,,,,,,,
707.013,2.661,,,,,,,,
707.348,2.612,,,,,,,,
707.683,2.612,,,,,,,,
708.017,2.759,,,,,,,,
708.352,2.71,,,,,,,,
708.687,2.759,,,,,,,,
709.021,2.783,,,,,,,,
709.356,2.808,,,,,,,,
709.69,2.759,,,,,,,,
710.024,2.783,,,,,,,,
710.359,3.003,,,,,,,,
710.693,3.003,,,,,,,,
711.027,2.832,,,,,,,,
711.362,2.71,,,,,,,,
711.696,2.637,,,,,,,,
712.03,2.759,,,,,,,,
712.364,2.686,,,,,,,,
712.698,2.612,,,,,,,,
713.032,2.686,,,,,,,,
713.366,2.71,,,,,,,,
713.7,2.661,,,,,,,,
714.034,2.637,,,,,,,,
714.368,2.686,,,,,,,,
714.701,2.783,,,,,,,,
715.035,2.734,,,,,,,,
715.369,2.661,,,,,,,,
715.702,2.661,,,,,,,,
716.036,2.71,,,,,,,,
716.37,2.686,,,,,,,,
716.703,2.759,,,,,,,,
717.037,2.808,,,,,,,,
717.37,3.125,,,,,,,,
717.703,2.93,,,,,,,,
718.037,2.808,,,,,,,,
718.37,2.783,,,,,,,,
718.703,2.856,,,,,,,,
719.036,2.71,,,,,,,,
719.369,2.686,,,,,,,,
719.702,2.588,,,,,,,,
720.035,2.563,,,,,,,,
720.368,2.563,,,,,,,,
720.701,2.539,,,,,,,,
721.034,2.539,,,,,,,,
721.367,2.588,,,,,,,,
721.7,2.856,,,,,,,,
722.033,2.856,,,,,,,,
722.365,2.759,,,,,,,,
722.698,2.734,,,,,,,,
723.031,2.759,,,,,,,,
723.363,2.71,,,,,,,,
723.696,2.881,,,,,,,,
724.028,3.027,,,,,,,,
724.361,3.027,,,,,,,,
724.693,3.052,,,,,,,,
725.025,3.442,,,,,,,,
725.358,3.101,,,,,,,,
725.69,2.979,,,,,,,,
726.022,3.052,,,,,,,,
726.354,2.881,,,,,,,,
726.686,2.759,,,,,,,,
727.018,2.734,,,,,,,,
727.35,2.637,,,,,,,,
727.682,2.71,,,,,,,,
728.014,2.881,,,,,,,,
728.346,2.954,,,,,,,,
728.678,2.832,,,,,,,,
729.01,2.759,,,,,,,,
729.341,2.71,,,,,,,,
729.673,2.71,,,,,,,,
730.005,2.734,,,,,,,,
730.336,2.734,,,,,,,,
730.668,2.734,,,,,,,,
730.999,2.734,,,,,,,,
731.331,2.686,,,,,,,,
731.662,2.881,,,,,,,,
731.993,2.783,,,,,,,,
732.325,2.686,,,,,,,,
732.656,2.686,,,,,,,,
732.987,2.588,,,,,,,,
733.318,2.588,,,,,,,,
733.649,2.734,,,,,,,,
733.98,8.96,,,,,,,,
734.311,3.125,,,,,,,,
734.642,2.881,,,,,,,,
734.973,2.808,,,,,,,,
735.304,2.808,,,,,,,,
735.635,2.759,,,,,,,,
735.966,2.71,,,,,,,,
736.297,2.661,,,,,,,,
736.627,2.612,,,,,,,,
736.958,2.539,,,,,,,,
737.288,2.49,,,,,,,,
737.619,2.734,,,,,,,,
737.949,2.637,,,,,,,,
738.28,2.588,,,,,,,,
738.61,2.637,,,,,,,,
738.941,2.686,,,,,,,,
739.271,2.588,,,,,,,,
739.601,2.515,,,,,,,,
739.931,2.466,,,,,,,,
740.262,2.515,,,,,,,,
740.592,2.515,,,,,,,,
740.922,2.539,,,,,,,,
741.252,2.686,,,,,,,,
741.582,2.783,,,,,,,,
741.912,2.759,,,,,,,,
742.242,2.686,,,,,,,,
742.571,2.881,,,,,,,,
742.901,3.613,,,,,,,,
743.231,3.491,,,,,,,,
743.561,3.247,,,,,,,,
743.89,3.125,,,,,,,,
744.22,3.125,,,,,,,,
744.549,2.954,,,,,,,,
744.879,3.003,,,,,,,,
745.208,3.271,,,,,,,,
745.538,3.564,,,,,,,,
745.867,3.857,,,,,,,,
746.196,4.15,,,,,,,,
746.526,3.516,,,,,,,,
746.855,3.101,,,,,,,,
747.184,3.027,,,,,,,,
747.513,2.832,,,,,,,,
747.842,2.71,,,,,,,,
748.171,2.881,,,,,,,,
748.5,2.661,,,,,,,,
748.829,2.466,,,,,,,,
749.158,2.417,,,,,,,,
749.487,2.441,,,,,,,,
749.816,2.441,,,,,,,,
750.145,2.466,,,,,,,,
750.473,2.417,,,,,,,,
750.802,2.344,,,,,,,,
751.13,2.393,,,,,,,,
751.459,2.417,,,,,,,,
751.787,2.466,,,,,,,,
752.116,2.466,,,,,,,,
752.444,2.49,,,,,,,,
752.773,2.441,,,,,,,,
753.101,2.441,,,,,,,,
753.429,2.49,,,,,,,,
753.757,2.515,,,,,,,,
754.086,2.417,,,,,,,,
754.414,2.344,,,,,,,,
754.742,2.295,,,,,,,,
755.07,2.295,,,,,,,,
755.398,2.295,,,,,,,,
755.726,2.344,,,,,,,,
756.054,2.368,,,,,,,,
756.381,2.466,,,,,,,,
756.709,2.441,,,,,,,,
757.037,2.368,,,,,,,,
757.365,2.368,,,,,,,,
757.692,2.441,,,,,,,,
758.02,2.441,,,,,,,,
758.347,2.49,,,,,,,,
758.675,2.539,,,,,,,,
759.002,2.49,,,,,,,,
759.33,2.515,,,,,,,,
759.657,2.515,,,,,,,,
759.984,2.441,,,,,,,,
760.312,2.441,,,,,,,,
760.639,2.393,,,,,,,,
760.966,2.368,,,,,,,,
761.293,2.344,,,,,,,,
761.62,2.319,,,,,,,,
761.947,2.246,,,,,,,,
762.274,2.246,,,,,,,,
762.601,2.246,,,,,,,,
762.928,2.197,,,,,,,,
763.255,2.173,,,,,,,,
763.582,2.222,,,,,,,,
763.908,2.295,,,,,,,,
764.235,2.246,,,,,,,,
764.562,2.246,,,,,,,,
764.888,2.295,,,,,,,,
765.215,2.319,,,,,,,,
765.541,2.319,,,,,,,,
765.868,2.271,,,,,,,,
766.194,2.246,,,,,,,,
766.52,2.246,,,,,,,,
766.847,2.246,,,,,,,,
767.173,2.271,,,,,,,,
767.499,2.271,,,,,,,,
767.825,2.783,,,,,,,,
768.151,2.661,,,,,,,,
768.477,2.441,,,,,,,,
768.803,2.393,,,,,,,,
769.129,2.344,,,,,,,,
769.455,2.344,,,,,,,,
769.781,2.295,,,,,,,,
770.107,2.271,,,,,,,,
770.433,2.271,,,,,,,,
770.758,2.222,,,,,,,,
771.084,2.197,,,,,,,,
771.41,2.222,,,,,,,,
771.735,2.246,,,,,,,,
772.061,2.295,,,,,,,,
772.386,2.344,,,,,,,,
772.712,2.319,,,,,,,,
773.037,2.319,,,,,,,,
773.362,2.344,,,,,,,,
773.688,2.319,,,,,,,,
774.013,2.271,,,,,,,,
774.338,2.319,,,,,,,,
774.663,2.319,,,,,,,,
774.988,2.588,,,,,,,,
775.313,8.643,,,,,,,,
775.638,29.004,,,,,,,,
775.963,54.15,,,,,,,,
776.288,68.872,,,,,,,,
776.613,63.135,,,,,,,,
776.938,44.214,,,,,,,,
777.263,29.59,,,,,,,,
777.587,21.753,,,,,,,,
777.912,16.724,,,,,,,,
778.236,12.012,,,,,,,,
778.561,8.228,,,,,,,,
778.885,5.811,,,,,,,,
779.21,3.662,,,,,,,,
779.534,3.149,,,,,,,,
779.859,2.783,,,,,,,,
780.183,2.515,,,,,,,,
780.507,2.368,,,,,,,,
780.831,2.271,,,,,,,,
781.156,2.173,,,,,,,,
781.48,2.124,,,,,,,,
781.804,2.124,,,,,,,,
782.128,2.148,,,,,,,,
782.452,2.1,,,,,,,,
782.776,2.051,,,,,,,,
783.099,2.002,,,,,,,,
783.423,1.978,,,,,,,,
783.747,1.978,,,,,,,,
784.071,2.002,,,,,,,,
784.394,2.002,,,,,,,,
784.718,2.002,,,,,,,,
785.042,2.002,,,,,,,,
785.365,2.026,,,,,,,,
785.689,2.026,,,,,,,,
786.012,2.1,,,,,,,,
786.335,2.124,,,,,,,,
786.659,2.222,,,,,,,,
786.982,2.197,,,,,,,,
787.305,2.075,,,,,,,,
787.628,2.002,,,,,,,,
787.951,1.978,,,,,,,,
788.275,1.953,,,,,,,,
788.598,1.978,,,,,,,,
788.921,1.978,,,,,,,,
789.243,1.953,,,,,,,,
789.566,1.929,,,,,,,,
789.889,1.953,,,,,,,,
790.212,1.978,,,,,,,,
790.535,1.978,,,,,,,,
790.857,1.978,,,,,,,,
791.18,2.002,,,,,,,,
791.503,2.002,,,,,,,,
791.825,1.978,,,,,,,,
792.148,1.978,,,,,,,,
792.47,1.978,,,,,,,,
792.792,1.978,,,,,,,,
793.115,1.978,,,,,,,,
793.437,1.978,,,,,,,,
793.759,2.051,,,,,,,,
794.082,2.1,,,,,,,,
794.404,2.1,,,,,,,,
794.726,2.1,,,,,,,,
795.048,2.124,,,,,,,,
795.37,2.124,,,,,,,,
795.692,2.075,,,,,,,,
796.014,2.051,,,,,,,,
796.335,2.075,,,,,,,,
796.657,2.051,,,,,,,,
796.979,1.978,,,,,,,,
797.301,2.002,,,,,,,,
797.622,2.051,,,,,,,,
797.944,2.002,,,,,,,,
798.265,2.002,,,,,,,,
798.587,2.026,,,,,,,,
798.908,2.002,,,,,,,,
799.23,1.953,,,,,,,,
799.551,1.953,,,,,,,,
799.872,1.978,,,,,,,,
800.194,1.978,,,,,,,,
800.515,1.978,,,,,,,,
800.836,1.953,,,,,,,,
801.157,1.953,,,,,,,,
801.478,1.929,,,,,,,,
801.799,1.929,,,,,,,,
802.12,1.978,,,,,,,,
802.441,2.026,,,,,,,,
802.762,2.002,,,,,,,,
803.083,2.002,,,,,,,,
803.403,1.929,,,,,,,,
803.724,1.904,,,,,,,,
804.045,1.88,,,,,,,,
804.365,1.88,,,,,,,,
804.686,1.929,,,,,,,,
805.006,1.953,,,,,,,,
805.327,1.978,,,,,,,,
805.647,2.002,,,,,,,,
805.968,1.978,,,,,,,,
806.288,1.929,,,,,,,,
806.608,1.904,,,,,,,,
806.928,1.904,,,,,,,,
807.249,1.904,,,,,,,,
807.569,1.88,,,,,,,,
807.889,1.904,,,,,,,,
808.209,1.88,,,,,,,,
808.529,1.88,,,,,,,,
808.849,1.855,,,,,,,,
809.168,1.855,,,,,,,,
809.488,1.88,,,,,,,,
809.808,1.88,,,,,,,,
810.128,1.88,,,,,,,,
810.447,1.88,,,,,,,,
810.767,1.855,,,,,,,,
811.087,1.88,,,,,,,,
811.406,1.88,,,,,,,,
811.725,1.904,,,,,,,,
812.045,1.929,,,,,,,,
812.364,1.978,,,,,,,,
812.684,1.953,,,,,,,,
813.003,1.953,,,,,,,,
813.322,1.953,,,,,,,,
813.641,1.904,,,,,,,,
813.96,1.929,,,,,,,,
814.279,1.904,,,,,,,,
814.598,1.88,,,,,,,,
814.917,1.904,,,,,,,,
815.236,1.904,,,,,,,,
815.555,1.904,,,,,,,,
815.874,2.002,,,,,,,,
816.193,2.075,,,,,,,,
816.511,2.026,,,,,,,,
816.83,2.002,,,,,,,,
817.149,2.026,,,,,,,,
817.467,2.051,,,,,,,,
817.786,2.124,,,,,,,,
818.104,2.197,,,,,,,,
818.422,2.173,,,,,,,,
818.741,2.148,,,,,,,,
819.059,2.124,,,,,,,,
819.377,2.1,,,,,,,,
819.696,2.051,,,,,,,,
820.014,2.075,,,,,,,,
820.332,2.173,,,,,,,,
820.65,2.344,,,,,,,,
820.968,2.563,,,,,,,,
821.286,2.734,,,,,,,,
821.604,2.588,,,,,,,,
821.921,3.174,,,,,,,,
822.239,3.125,,,,,,,,
822.557,2.588,,,,,,,,
822.875,2.563,,,,,,,,
823.192,2.441,,,,,,,,
823.51,2.319,,,,,,,,
823.827,2.173,,,,,,,,
824.145,2.1,,,,,,,,
824.462,2.051,,,,,,,,
824.78,2.002,,,,,,,,
825.097,1.978,,,,,,,,
825.414,1.953,,,,,,,,
825.732,1.929,,,,,,,,
826.049,1.88,,,,,,,,
826.366,1.929,,,,,,,,
826.683,2.002,,,,,,,,
827,1.953,,,,,,,,
827.317,1.929,,,,,,,,
827.634,1.953,,,,,,,,
827.951,2.148,,,,,,,,
828.268,2.197,,,,,,,,
828.585,2.075,,,,,,,,
828.901,2.002,,,,,,,,
829.218,1.978,,,,,,,,
829.535,1.978,,,,,,,,
829.851,1.929,,,,,,,,
830.168,1.904,,,,,,,,
830.484,1.904,,,,,,,,
830.801,1.88,,,,,,,,
831.117,1.929,,,,,,,,
831.433,1.904,,,,,,,,
831.75,1.88,,,,,,,,
832.066,1.88,,,,,,,,
832.382,1.831,,,,,,,,
832.698,1.855,,,,,,,,
833.014,1.88,,,,,,,,
833.33,1.855,,,,,,,,
833.646,1.855,,,,,,,,
833.962,1.855,,,,,,,,
834.278,1.88,,,,,,,,
834.594,1.855,,,,,,,,
834.909,1.88,,,,,,,,
835.225,1.904,,,,,,,,
835.541,1.855,,,,,,,,
835.856,1.855,,,,,,,,
836.172,1.904,,,,,,,,
836.488,1.904,,,,,,,,
836.803,1.904,,,,,,,,
837.118,1.904,,,,,,,,
837.434,1.88,,,,,,,,
837.749,1.855,,,,,,,,
838.064,1.831,,,,,,,,
838.38,1.831,,,,,,,,
838.695,1.831,,,,,,,,
839.01,1.88,,,,,,,,
839.325,1.929,,,,,,,,
839.64,1.904,,,,,,,,
839.955,1.88,,,,,,,,
840.27,1.855,,,,,,,,
840.585,1.88,,,,,,,,
840.899,1.88,,,,,,,,
841.214,1.929,,,,,,,,
841.529,1.953,,,,,,,,
841.843,1.978,,,,,,,,
842.158,1.978,,,,,,,,
842.473,2.075,,,,,,,,
842.787,6.885,,,,,,,,
843.101,21.167,,,,,,,,
843.416,34.448,,,,,,,,
843.73,41.675,,,,,,,,
844.044,35.547,,,,,,,,
844.359,24.219,,,,,,,,
844.673,17.285,,,,,,,,
844.987,13.135,,,,,,,,
845.301,10.083,,,,,,,,
845.615,7.861,,,,,,,,
845.929,5.762,,,,,,,,
846.243,4.175,,,,,,,,
846.557,3.247,,,,,,,,
846.871,2.71,,,,,,,,
847.184,2.368,,,,,,,,
847.498,2.222,,,,,,,,
847.812,2.124,,,,,,,,
848.125,2.075,,,,,,,,
848.439,2.026,,,,,,,,
848.752,1.978,,,,,,,,
849.066,1.929,,,,,,,,
849.379,1.88,,,,,,,,
849.693,1.88,,,,,,,,
850.006,1.855,,,,,,,,
850.319,1.88,,,,,,,,
850.632,1.904,,,,,,,,
850.946,1.88,,,,,,,,
851.259,1.855,,,,,,,,
851.572,1.88,,,,,,,,
851.885,1.88,,,,,,,,
852.198,1.904,,,,,,,,
852.511,1.904,,,,,,,,
852.823,1.904,,,,,,,,
853.136,1.904,,,,,,,,
853.449,1.904,,,,,,,,
853.762,1.904,,,,,,,,
854.074,1.88,,,,,,,,
854.387,1.831,,,,,,,,
854.699,1.831,,,,,,,,
855.012,1.831,,,,,,,,
855.324,1.831,,,,,,,,
855.637,1.831,,,,,,,,
855.949,1.831,,,,,,,,
856.261,1.831,,,,,,,,
856.573,1.855,,,,,,,,
856.886,1.855,,,,,,,,
857.198,1.831,,,,,,,,
857.51,1.807,,,,,,,,
857.822,1.807,,,,,,,,
858.134,1.807,,,,,,,,
858.446,1.807,,,,,,,,
858.757,1.855,,,,,,,,
859.069,1.904,,,,,,,,
859.381,1.904,,,,,,,,
859.693,1.831,,,,,,,,
860.004,1.807,,,,,,,,
860.316,1.807,,,,,,,,
860.627,1.807,,,,,,,,
860.939,1.782,,,,,,,,
861.25,1.758,,,,,,,,
861.562,1.758,,,,,,,,
861.873,1.782,,,,,,,,
862.184,1.831,,,,,,,,
862.496,1.831,,,,,,,,
862.807,1.807,,,,,,,,
863.118,1.807,,,,,,,,
863.429,1.807,,,,,,,,
863.74,1.831,,,,,,,,
864.051,1.831,,,,,,,,
864.362,1.807,,,,,,,,
864.673,1.807,,,,,,,,
864.984,1.831,,,,,,,,
865.294,1.855,,,,,,,,
865.605,1.88,,,,,,,,
865.916,1.855,,,,,,,,
866.226,1.88,,,,,,,,
866.537,1.904,,,,,,,,
866.847,1.978,,,,,,,,
867.158,2.051,,,,,,,,
867.468,2.051,,,,,,,,
867.779,2.026,,,,,,,,
868.089,2.051,,,,,,,,
868.399,2.026,,,,,,,,
868.709,2.051,,,,,,,,
869.019,2.026,,,,,,,,
869.329,1.978,,,,,,,,
869.639,2.148,,,,,,,,
869.949,2.197,,,,,,,,
870.259,2.075,,,,,,,,
870.569,2.002,,,,,,,,
870.879,1.953,,,,,,,,
871.189,1.953,,,,,,,,
871.499,1.88,,,,,,,,
871.808,1.855,,,,,,,,
872.118,1.831,,,,,,,,
872.427,1.831,,,,,,,,
872.737,1.88,,,,,,,,
873.046,1.904,,,,,,,,
873.356,1.831,,,,,,,,
873.665,1.807,,,,,,,,
873.974,1.782,,,,,,,,
874.284,1.807,,,,,,,,
874.593,1.855,,,,,,,,
874.902,1.904,,,,,,,,
875.211,1.904,,,,,,,,
875.52,1.904,,,,,,,,
875.829,1.831,,,,,,,,
876.138,1.807,,,,,,,,
876.447,1.782,,,,,,,,
876.756,1.782,,,,,,,,
877.064,1.758,,,,,,,,
877.373,1.758,,,,,,,,
877.682,1.758,,,,,,,,
877.99,1.782,,,,,,,,
878.299,1.782,,,,,,,,
878.607,1.807,,,,,,,,
878.916,2.002,,,,,,,,
879.224,2.124,,,,,,,,
879.533,2.051,,,,,,,,
879.841,1.953,,,,,,,,
880.149,1.88,,,,,,,,
880.457,1.855,,,,,,,,
880.765,1.831,,,,,,,,
881.073,1.831,,,,,,,,
881.382,1.831,,,,,,,,
881.689,1.831,,,,,,,,
881.997,1.807,,,,,,,,
882.305,1.782,,,,,,,,
882.613,1.807,,,,,,,,
882.921,1.807,,,,,,,,
883.229,1.855,,,,,,,,
883.536,1.855,,,,,,,,
883.844,1.855,,,,,,,,
884.151,1.831,,,,,,,,
884.459,1.978,,,,,,,,
884.766,2.075,,,,,,,,
885.074,1.978,,,,,,,,
885.381,1.904,,,,,,,,
885.688,1.855,,,,,,,,
885.996,1.855,,,,,,,,
886.303,1.831,,,,,,,,
886.61,1.807,,,,,,,,
886.917,1.807,,,,,,,,
887.224,1.807,,,,,,,,
887.531,1.831,,,,,,,,
887.838,1.807,,,,,,,,
888.145,1.831,,,,,,,,
888.452,1.855,,,,,,,,
888.758,1.855,,,,,,,,
889.065,1.831,,,,,,,,
889.372,1.831,,,,,,,,
889.678,1.831,,,,,,,,
889.985,1.831,,,,,,,,
890.291,1.855,,,,,,,,
890.598,1.904,,,,,,,,
890.904,1.88,,,,,,,,
891.21,1.831,,,,,,,,
891.517,1.807,,,,,,,,
891.823,1.807,,,,,,,,
892.129,1.807,,,,,,,,
892.435,1.782,,,,,,,,
892.741,1.758,,,,,,,,
893.047,1.733,,,,,,,,
893.353,1.758,,,,,,,,
893.659,1.709,,,,,,,,
893.965,1.709,,,,,,,,
894.271,1.709,,,,,,,,
894.576,1.709,,,,,,,,
894.882,1.709,,,,,,,,
895.188,1.733,,,,,,,,
895.493,1.733,,,,,,,,
895.799,1.758,,,,,,,,
896.104,1.758,,,,,,,,
896.41,1.758,,,,,,,,
896.715,1.758,,,,,,,,
897.02,2.051,,,,,,,,
897.326,2.173,,,,,,,,
897.631,1.978,,,,,,,,
897.936,1.88,,,,,,,,
898.241,1.831,,,,,,,,
898.546,1.807,,,,,,,,
898.851,1.782,,,,,,,,
899.156,1.758,,,,,,,,
899.461,1.733,,,,,,,,
899.766,1.709,,,,,,,,
900.071,1.709,,,,,,,,
900.375,1.685,,,,,,,,
900.68,1.66,,,,,,,,
900.985,1.66,,,,,,,,
901.289,1.685,,,,,,,,
901.594,1.709,,,,,,,,
901.898,1.758,,,,,,,,
902.203,1.758,,,,,,,,
902.507,1.758,,,,,,,,
902.811,1.733,,,,,,,,
903.115,1.733,,,,,,,,
903.42,1.709,,,,,,,,
903.724,1.733,,,,,,,,
904.028,1.733,,,,,,,,
904.332,1.709,,,,,,,,
904.636,1.733,,,,,,,,
904.94,1.758,,,,,,,,
905.244,1.758,,,,,,,,
905.547,1.758,,,,,,,,
905.851,1.758,,,,,,,,
906.155,1.758,,,,,,,,
906.459,1.758,,,,,,,,
906.762,1.733,,,,,,,,
907.066,1.709,,,,,,,,
907.369,1.733,,,,,,,,
907.673,1.758,,,,,,,,
907.976,1.733,,,,,,,,
908.279,1.733,,,,,,,,
908.583,1.733,,,,,,,,
908.886,1.733,,,,,,,,
909.189,1.758,,,,,,,,
909.492,1.758,,,,,,,,
909.795,1.782,,,,,,,,
910.098,1.807,,,,,,,,
910.401,1.782,,,,,,,,
910.704,1.758,,,,,,,,
911.007,1.782,,,,,,,,
911.31,1.782,,,,,,,,
911.612,1.758,,,,,,,,
911.915,1.758,,,,,,,,
912.218,1.782,,,,,,,,
912.52,1.782,,,,,,,,
912.823,1.758,,,,,,,,
913.125,1.758,,,,,,,,
913.428,1.782,,,,,,,,
913.73,1.758,,,,,,,,
914.032,1.758,,,,,,,,
914.334,1.855,,,,,,,,
914.637,1.929,,,,,,,,
914.939,1.904,,,,,,,,
915.241,1.904,,,,,,,,
915.543,1.855,,,,,,,,
915.845,1.831,,,,,,,,
916.147,1.782,,,,,,,,
916.449,1.782,,,,,,,,
916.75,1.782,,,,,,,,
917.052,1.758,,,,,,,,
917.354,1.758,,,,,,,,
917.656,1.758,,,,,,,,
917.957,1.733,,,,,,,,
918.259,1.733,,,,,,,,
918.56,1.758,,,,,,,,
918.862,1.782,,,,,,,,
919.163,1.758,,,,,,,,
919.464,1.758,,,,,,,,
919.766,1.733,,,,,,,,
920.067,1.709,,,,,,,,
920.368,1.709,,,,,,,,
920.669,1.709,,,,,,,,
920.97,1.709,,,,,,,,
921.271,1.685,,,,,,,,
921.572,1.685,,,,,,,,
921.873,1.709,,,,,,,,
922.174,1.709,,,,,,,,
922.474,1.709,,,,,,,,
922.775,1.733,,,,,,,,
923.076,1.733,,,,,,,,
923.376,1.709,,,,,,,,
923.677,1.733,,,,,,,,
923.978,1.758,,,,,,,,
924.278,1.807,,,,,,,,
924.578,1.904,,,,,,,,
924.879,2.661,,,,,,,,
925.179,5.103,,,,,,,,
925.479,5.762,,,,,,,,
925.779,5.542,,,,,,,,
926.079,5.225,,,,,,,,
926.38,3.516,,,,,,,,
926.68,2.93,,,,,,,,
926.98,2.588,,,,,,,,
927.279,2.539,,,,,,,,
927.579,2.466,,,,,,,,
927.879,2.417,,,,,,,,
928.179,2.295,,,,,,,,
928.478,2.173,,,,,,,,
928.778,2.1,,,,,,,,
929.078,2.026,,,,,,,,
929.377,1.929,,,,,,,,
929.677,1.88,,,,,,,,
929.976,1.831,,,,,,,,
930.275,1.831,,,,,,,,
930.575,1.782,,,,,,,,
930.874,1.758,,,,,,,,
931.173,1.758,,,,,,,,
931.472,1.758,,,,,,,,
931.771,1.782,,,,,,,,
932.07,1.807,,,,,,,,
932.369,1.758,,,,,,,,
932.668,1.782,,,,,,,,
932.967,1.758,,,,,,,,
933.266,1.733,,,,,,,,
933.565,1.709,,,,,,,,
933.863,1.709,,,,,,,,
934.162,1.709,,,,,,,,
934.461,1.709,,,,,,,,
934.759,1.709,,,,,,,,
935.058,1.831,,,,,,,,
935.356,1.978,,,,,,,,
935.654,1.88,,,,,,,,
935.953,1.831,,,,,,,,
936.251,1.807,,,,,,,,
936.549,1.758,,,,,,,,
936.847,1.733,,,,,,,,
937.145,1.733,,,,,,,,
937.443,1.733,,,,,,,,
937.741,1.782,,,,,,,,
938.039,1.807,,,,,,,,
938.337,1.831,,,,,,,,
938.635,1.831,,,,,,,,
938.933,1.855,,,,,,,,
939.23,1.831,,,,,,,,
939.528,1.831,,,,,,,,
939.826,1.807,,,,,,,,
940.123,1.807,,,,,,,,
940.421,1.782,,,,,,,,
940.718,1.782,,,,,,,,
941.015,1.758,,,,,,,,
941.313,1.733,,,,,,,,
941.61,1.709,,,,,,,,
941.907,1.733,,,,,,,,
942.204,1.758,,,,,,,,
942.501,1.978,,,,,,,,
942.798,2.1,,,,,,,,
943.095,2.051,,,,,,,,
943.392,2.026,,,,,,,,
943.689,1.929,,,,,,,,
943.986,1.855,,,,,,,,
944.283,1.807,,,,,,,,
944.579,1.782,,,,,,,,
944.876,1.733,,,,,,,,
945.173,1.733,,,,,,,,
945.469,1.758,,,,,,,,
945.766,1.758,,,,,,,,
946.062,1.733,,,,,,,,
946.358,1.733,,,,,,,,
946.655,1.758,,,,,,,,
946.951,1.782,,,,,,,,
947.247,1.782,,,,,,,,
947.543,1.758,,,,,,,,
947.839,1.758,,,,,,,,
948.135,1.733,,,,,,,,
948.431,1.733,,,,,,,,
948.727,1.733,,,,,,,,
949.023,1.709,,,,,,,,
949.319,1.709,,,,,,,,
949.615,1.709,,,,,,,,
949.91,1.709,,,,,,,,
950.206,1.733,,,,,,,,
950.502,1.758,,,,,,,,
950.797,1.758,,,,,,,,
951.093,1.733,,,,,,,,
951.388,1.733,,,,,,,,
951.684,1.709,,,,,,,,
951.979,1.685,,,,,,,,
952.274,1.685,,,,,,,,
952.569,1.685,,,,,,,,
952.864,1.685,,,,,,,,
953.159,1.709,,,,,,,,
953.455,1.709,,,,,,,,
953.749,1.709,,,,,,,,
954.044,1.709,,,,,,,,
954.339,1.685,,,,,,,,
954.634,1.66,,,,,,,,
954.929,1.66,,,,,,,,
955.224,1.66,,,,,,,,
955.518,1.66,,,,,,,,
955.813,1.66,,,,,,,,
956.107,1.685,,,,,,,,
956.402,1.685,,,,,,,,
956.696,1.709,,,,,,,,
956.991,1.685,,,,,,,,
957.285,1.66,,,,,,,,
957.579,1.66,,,,,,,,
957.873,1.685,,,,,,,,
958.167,1.733,,,,,,,,
958.461,1.758,,,,,,,,
958.755,1.782,,,,,,,,
959.049,1.758,,,,,,,,
959.343,1.733,,,,,,,,
959.637,1.709,,,,,,,,
959.931,1.709,,,,,,,,
960.225,1.685,,,,,,,,
960.518,1.66,,,,,,,,
960.812,1.66,,,,,,,,
961.106,1.685,,,,,,,,
961.399,1.685,,,,,,,,
961.693,1.709,,,,,,,,
961.986,1.709,,,,,,,,
962.279,1.685,,,,,,,,
962.573,1.709,,,,,,,,
962.866,1.685,,,,,,,,
963.159,1.66,,,,,,,,
963.452,1.66,,,,,,,,
963.745,1.66,,,,,,,,
964.038,1.685,,,,,,,,
964.331,1.709,,,,,,,,
964.624,1.685,,,,,,,,
964.917,1.709,,,,,,,,
965.21,1.709,,,,,,,,
965.502,1.709,,,,,,,,
965.795,1.733,,,,,,,,
966.088,1.685,,,,,,,,
966.38,1.685,,,,,,,,
966.673,1.685,,,,,,,,
966.965,1.685,,,,,,,,
967.258,1.685,,,,,,,,
967.55,1.709,,,,,,,,
967.842,1.709,,,,,,,,
968.134,1.733,,,,,,,,
968.427,1.709,,,,,,,,
968.719,1.709,,,,,,,,
969.011,1.685,,,,,,,,
969.303,1.685,,,,,,,,
969.595,1.685,,,,,,,,
969.887,1.709,,,,,,,,
970.178,1.685,,,,,,,,
970.47,1.685,,,,,,,,
970.762,1.66,,,,,,,,
971.054,1.636,,,,,,,,
971.345,1.685,,,,,,,,
971.637,1.733,,,,,,,,
971.928,1.709,,,,,,,,
972.22,1.685,,,,,,,,
972.511,1.66,,,,,,,,
972.802,1.66,,,,,,,,
973.094,1.66,,,,,,,,
973.385,1.66,,,,,,,,
973.676,1.66,,,,,,,,
973.967,1.66,,,,,,,,
974.258,1.636,,,,,,,,
974.549,1.636,,,,,,,,
974.84,1.66,,,,,,,,
975.131,1.66,,,,,,,,
975.422,1.66,,,,,,,,
975.712,1.66,,,,,,,,
976.003,1.733,,,,,,,,
976.294,1.88,,,,,,,,
976.584,1.831,,,,,,,,
976.875,1.782,,,,,,,,
977.165,1.782,,,,,,,,
977.456,1.782,,,,,,,,
977.746,1.758,,,,,,,,
978.036,1.782,,,,,,,,
978.326,1.807,,,,,,,,
978.617,1.807,,,,,,,,
978.907,1.782,,,,,,,,
979.197,1.782,,,,,,,,
979.487,1.782,,,,,,,,
979.777,1.782,,,,,,,,
980.067,1.831,,,,,,,,
980.356,1.88,,,,,,,,
980.646,1.855,,,,,,,,
980.936,1.807,,,,,,,,
981.226,1.782,,,,,,,,
981.515,1.758,,,,,,,,
981.805,1.733,,,,,,,,
982.094,1.758,,,,,,,,
982.384,1.782,,,,,,,,
982.673,1.758,,,,,,,,
982.962,1.733,,,,,,,,
983.252,1.733,,,,,,,,
983.541,1.733,,,,,,,,
983.83,1.709,,,,,,,,
984.119,1.709,,,,,,,,
984.408,1.733,,,,,,,,
984.697,1.709,,,,,,,,
984.986,1.709,,,,,,,,
985.275,1.782,,,,,,,,
985.564,1.782,,,,,,,,
985.852,1.758,,,,,,,,
986.141,1.733,,,,,,,,
986.43,1.733,,,,,,,,
986.718,1.709,,,,,,,,
987.007,1.758,,,,,,,,
987.295,1.807,,,,,,,,
987.584,1.758,,,,,,,,
987.872,1.733,,,,,,,,
988.16,1.758,,,,,,,,
988.449,1.807,,,,,,,,
988.737,1.807,,,,,,,,
989.025,1.782,,,,,,,,
989.313,1.807,,,,,,,,
989.601,1.782,,,,,,,,
989.889,1.733,,,,,,,,
990.177,1.709,,,,,,,,
990.465,1.709,,,,,,,,
990.752,1.733,,,,,,,,
991.04,1.733,,,,,,,,
991.328,1.733,,,,,,,,
991.615,1.733,,,,,,,,
991.903,1.709,,,,,,,,
992.19,1.758,,,,,,,,
992.478,1.807,,,,,,,,
992.765,1.831,,,,,,,,
993.053,1.855,,,,,,,,
993.34,1.807,,,,,,,,
993.627,1.758,,,,,,,,
993.914,1.758,,,,,,,,
994.201,1.758,,,,,,,,
994.488,1.758,,,,,,,,
994.775,1.733,,,,,,,,
995.062,1.709,,,,,,,,
995.349,1.685,,,,,,,,
995.636,1.66,,,,,,,,
995.922,1.636,,,,,,,,
996.209,1.636,,,,,,,,
996.496,1.636,,,,,,,,
996.782,1.636,,,,,,,,
997.069,1.66,,,,,,,,
997.355,1.66,,,,,,,,
997.642,1.66,,,,,,,,
997.928,1.66,,,,,,,,
998.214,1.66,,,,,,,,
998.5,1.66,,,,,,,,
998.787,1.66,,,,,,,,
999.073,1.66,,,,,,,,
999.359,1.66,,,,,,,,
999.645,1.685,,,,,,,,
999.931,1.685,,,,,,,,
1000.217,1.685,,,,,,,,
1000.502,1.685,,,,,,,,
1000.788,1.685,,,,,,,,
1001.074,1.685,,,,,,,,
1001.359,1.685,,,,,,,,
1001.645,1.685,,,,,,,,
1001.931,1.685,,,,,,,,
1002.216,1.685,,,,,,,,
1002.501,1.709,,,,,,,,
1002.787,1.685,,,,,,,,
1003.072,1.709,,,,,,,,
1003.357,1.685,,,,,,,,
1003.642,1.782,,,,,,,,
1003.928,1.88,,,,,,,,
1004.213,1.831,,,,,,,,
1004.498,1.807,,,,,,,,
1004.783,1.733,,,,,,,,
1005.067,1.733,,,,,,,,
1005.352,1.733,,,,,,,,
1005.637,1.758,,,,,,,,
1005.922,1.733,,,,,,,,
1006.206,1.709,,,,,,,,
1006.491,1.709,,,,,,,,
1006.776,1.709,,,,,,,,
1007.06,1.709,,,,,,,,
1007.344,1.733,,,,,,,,
1007.629,1.782,,,,,,,,
1007.913,1.758,,,,,,,,
1008.197,1.709,,,,,,,,
1008.481,1.685,,,,,,,,
1008.766,1.685,,,,,,,,
1009.05,1.685,,,,,,,,
1009.334,1.685,,,,,,,,
1009.618,1.685,,,,,,,,
1009.902,1.685,,,,,,,,
1010.185,1.66,,,,,,,,
1010.469,1.66,,,,,,,,
1010.753,1.685,,,,,,,,
1011.036,1.685,,,,,,,,
1011.32,1.685,,,,,,,,
1011.604,1.709,,,,,,,,
1011.887,1.733,,,,,,,,
1012.171,1.709,,,,,,,,
1012.454,1.685,,,,,,,,
1012.737,1.66,,,,,,,,
1013.02,1.66,,,,,,,,
1013.304,1.685,,,,,,,,
1013.587,1.758,,,,,,,,
1013.87,1.758,,,,,,,,
1014.153,1.758,,,,,,,,
1014.436,1.758,,,,,,,,
1014.719,1.733,,,,,,,,
1015.002,1.733,,,,,,,,
1015.284,1.733,,,,,,,,
1015.567,1.733,,,,,,,,
1015.85,1.733,,,,,,,,
1016.132,1.709,,,,,,,,
1016.415,1.709,,,,,,,,
1016.697,1.66,,,,,,,,
1016.98,1.66,,,,,,,,
1017.262,1.66,,,,,,,,
1017.544,1.709,,,,,,,,
1017.827,1.782,,,,,,,,
1018.109,1.758,,,,,,,,
1018.391,1.758,,,,,,,,
1018.673,1.758,,,,,,,,
1018.955,1.733,,,,,,,,
1019.237,1.709,,,,,,,,
1019.519,1.709,,,,,,,,
1019.801,1.709,,,,,,,,
1020.083,1.733,,,,,,,,
1020.364,1.758,,,,,,,,
1020.646,1.758,,,,,,,,
1020.928,1.733,,,,,,,,
1021.209,1.709,,,,,,,,
