"Time (s)","Rotation x (rad/s)","Rotation y (rad/s)","Rotation z (rad/s)"
9.574349258E1,8.828929663E-1,1.445671171E-1,-6.222475171E-1
9.576347958E1,8.572725058E-1,1.678349823E-1,-7.822113037E-1
9.578346658E1,7.993258238E-1,1.570814103E-1,-9.612028599E-1
9.580345358E1,7.110596299E-1,1.315022707E-1,-1.145844936E0
9.582344058E1,6.159150004E-1,8.817843348E-2,-1.331752419E0
9.584342658E1,5.212333798E-1,9.130055457E-2,-1.519283414E0
9.586341358E1,4.429285526E-1,1.319611371E-1,-1.696534157E0
9.588340058E1,3.864029050E-1,1.476964802E-1,-1.856269240E0
9.590338758E1,3.709374368E-1,1.628910154E-1,-2.002450943E0
9.592337458E1,3.901133835E-1,1.962249875E-1,-2.124509335E0
9.594336158E1,4.458107650E-1,2.129929513E-1,-2.233622789E0
9.596334758E1,5.358693004E-1,2.405251861E-1,-2.320822954E0
9.598333458E1,6.434711814E-1,2.198522389E-1,-2.388082266E0
9.600332158E1,7.587728500E-1,1.998475492E-1,-2.451811552E0
9.602330858E1,8.738721013E-1,2.028951049E-1,-2.501921892E0
9.604329558E1,9.709143043E-1,1.680418104E-1,-2.552958012E0
9.606328258E1,1.047583580E0,1.302184314E-1,-2.602424145E0
9.608326858E1,1.088471889E0,4.872102290E-2,-2.652034998E0
9.610325558E1,1.097458720E0,-1.567568444E-2,-2.709257126E0
9.612324258E1,1.071743488E0,-1.008599326E-1,-2.767451286E0
9.614322958E1,1.025184870E0,-1.606549919E-1,-2.836663485E0
9.616321658E1,9.603661895E-1,-2.640140057E-1,-2.901365042E0
9.618320258E1,9.004902840E-1,-3.487551212E-1,-2.954830885E0
9.620318958E1,8.652771711E-1,-4.033919871E-1,-2.988305807E0
9.622317658E1,8.713973165E-1,-4.190391004E-1,-2.995398521E0
9.624316358E1,9.344580770E-1,-3.555616140E-1,-2.973622561E0
9.626315058E1,1.055479527E0,-2.474489659E-1,-2.916713476E0
9.628313758E1,1.236566663E0,-1.562314779E-1,-2.828674316E0
9.630312358E1,1.449164510E0,-9.758115560E-2,-2.722103834E0
9.632311062E1,1.688821793E0,-2.206088975E-2,-2.591998100E0
9.634309762E1,1.930865169E0,5.213034339E-3,-2.458877563E0
9.636308462E1,2.160166025E0,9.925115108E-2,-2.313766241E0
9.638307162E1,2.359705448E0,1.259420663E-1,-2.181345463E0
9.640305863E1,2.498821497E0,1.599007696E-1,-2.060536146E0
9.642304462E1,2.571501493E0,1.859010458E-1,-1.965392470E0
9.644303162E1,2.565438747E0,2.525120676E-1,-1.890124321E0
9.646301862E1,2.474320412E0,3.249692917E-1,-1.846308708E0
9.648300562E1,2.304417610E0,4.029928744E-1,-1.830653310E0
9.650299262E1,2.056170940E0,4.312049747E-1,-1.846142769E0
9.652297962E1,1.745339990E0,4.491877258E-1,-1.883474231E0
9.654296562E1,1.390832305E0,2.740760148E-1,-1.930993795E0
9.656295262E1,1.005536318E0,1.041643098E-1,-1.987902880E0
9.658293962E1,6.360719204E-1,2.976392582E-2,-2.033510923E0
9.660292662E1,2.916810215E-1,1.612075567E-1,-2.057667732E0
9.662291362E1,1.129355095E-2,-8.522862196E-2,-2.048804760E0
9.664289962E1,-2.000117302E-1,-6.343892217E-2,-2.002634287E0
9.666288662E1,-3.154402971E-1,-1.530081332E-1,-1.923760653E0
9.668287362E1,-3.458530009E-1,-1.812519878E-1,-1.816053629E0
9.670286062E1,-3.145537972E-1,-1.331108958E-1,-1.687684417E0
9.672284762E1,-2.277245671E-1,-1.141092256E-1,-1.556593776E0
9.674283462E1,-1.067575589E-1,-8.220516145E-2,-1.416934729E0
9.676282062E1,3.728956729E-2,-1.472185925E-2,-1.279807210E0
9.678280762E1,1.827693284E-1,-6.434966624E-2,-1.144971609E0
9.680279462E1,3.019391894E-1,-1.799014360E-1,-1.023411870E0
9.682278162E1,3.861398697E-1,-2.193281651E-1,-9.108544588E-1
9.684276862E1,4.224659503E-1,-2.471763641E-1,-8.091515899E-1
9.686275562E1,4.032349288E-1,-2.350252122E-1,-7.236987352E-1
9.688274162E1,3.349172175E-1,-2.752268910E-1,-6.509145498E-1
9.690272862E1,2.147393078E-1,-2.985268831E-1,-5.883954763E-1
9.692271562E1,5.995690078E-2,-1.538550109E-1,-5.388953686E-1
9.694270262E1,-1.184196398E-1,-3.277519941E-1,-4.986791909E-1
9.696268962E1,-3.153059781E-1,-3.843039870E-1,-4.624255598E-1
9.698267562E1,-5.108091831E-1,-4.932433367E-1,-4.280945063E-1
9.700266262E1,-6.847895980E-1,-5.940350890E-1,-3.884775937E-1
9.702264962E1,-8.187558055E-1,-5.941341519E-1,-3.459935188E-1
9.704263662E1,-9.077110887E-1,-5.577056408E-1,-2.960560918E-1
9.706262362E1,-9.390989542E-1,-7.482163906E-1,-2.431153208E-1
9.708261062E1,-9.286887646E-1,-5.975826383E-1,-1.847308725E-1
9.710259662E1,-8.746283054E-1,-7.408454418E-1,-1.275924593E-1
9.712258362E1,-7.951531410E-1,-7.256736755E-1,-7.287461311E-2
9.714257063E1,-6.881413460E-1,-7.981920838E-1,-1.102429535E-2
9.716255762E1,-5.837271810E-1,-7.892419100E-1,4.048680142E-2
9.718254462E1,-4.764083028E-1,-7.655776739E-1,8.606946468E-2
9.720253162E1,-3.720028102E-1,-7.441418171E-1,1.267934591E-1
9.722251762E1,-2.850375175E-1,-8.065159321E-1,1.626327038E-1
9.724250462E1,-2.186227888E-1,-8.445897698E-1,1.910813898E-1
9.726249162E1,-1.924676895E-1,-8.097234368E-1,2.097887844E-1
9.728247862E1,-1.950118840E-1,-8.511974216E-1,2.204336524E-1
9.730246562E1,-2.300156653E-1,-6.266537905E-1,2.249919176E-1
9.732245146E1,-2.861656845E-1,-7.004832625E-1,2.214931101E-1
9.734243846E1,-3.452562392E-1,-6.549208164E-1,2.157465219E-1
9.736242546E1,-4.081384540E-1,-6.706279516E-1,2.031319141E-1
9.738241246E1,-4.618358910E-1,-5.600830317E-1,1.947019398E-1
9.740239946E1,-5.021148324E-1,-5.067427754E-1,1.759506464E-1
9.742238646E1,-5.175136328E-1,-3.553655148E-1,1.616558582E-1
9.744237246E1,-5.028010607E-1,-1.036581397E0,1.460707486E-1
9.746235946E1,-4.693033695E-1,-3.748511374E-1,1.312766224E-1
9.748234646E1,-4.101117253E-1,-6.581310034E-1,1.138478741E-1
9.750233346E1,-3.325699866E-1,-3.190535307E-1,1.008391008E-1
9.752232046E1,-2.375797480E-1,-1.736807525E-1,8.223238587E-2
9.754230746E1,-1.321573257E-1,-1.745150685E-1,6.095243618E-2
9.756229346E1,-8.443031460E-3,-2.466349900E-1,3.348934650E-2
9.758228046E1,1.310601383E-1,-3.428727686E-1,8.984294720E-3
9.760226746E1,2.722587287E-1,-2.560606003E-1,-1.784999669E-2
9.762225446E1,4.181967676E-1,2.649922855E-2,-4.235801846E-2
9.764224146E1,5.752397776E-1,4.900197312E-2,-7.426826656E-2
9.766222746E1,7.416490912E-1,-1.013508514E-1,-1.141293645E-1
9.768221446E1,9.348766208E-1,1.363037378E-1,-1.476428956E-1
9.770220146E1,1.163457274E0,9.487648308E-2,-1.888741851E-1
9.772218846E1,1.402877808E0,2.664694190E-1,-2.205740809E-1
9.774217546E1,5.828662515E-1,9.756487608E-1,-1.739018798E0
9.776216246E1,-1.150961876E0,8.007901311E-1,-3.832566500E0
9.778214846E1,-1.226284742E0,1.103015184E0,-2.319466829E0
9.780213546E1,-3.760001361E-1,9.473858029E-2,-8.114318252E-1
9.782212246E1,-2.601113617E-1,2.980113029E-1,5.038962364E-1
9.784210946E1,-6.159391403E-1,5.072504878E-1,7.039502263E-1
9.786209646E1,-7.021287680E-1,6.272208095E-1,3.379456699E-1
9.788208346E1,-6.308462620E-1,4.230682850E-1,-3.631738722E-1
9.790206946E1,-7.127363980E-2,3.423324227E-1,-7.222731709E-1
9.792205646E1,4.383200407E-1,-6.559227407E-2,-6.231806278E-1
9.794204346E1,9.788834304E-2,-2.045811892E0,8.464544415E-1
9.796203046E1,5.179516971E-2,-2.180397034E0,7.143262625E-1
9.798201746E1,1.663113534E-1,-2.400640011E0,1.164449453E0
9.800200346E1,5.629653335E-1,-2.604838610E0,1.184949636E0
9.802199046E1,8.220885992E-1,-1.308433890E0,1.080035806E0
9.804197746E1,7.931630015E-1,8.156235814E-1,4.956580698E-1
9.806196446E1,9.041181207E-1,1.208798289E0,1.450900547E-2
9.808195146E1,1.490783811E0,2.673909068E-1,3.860175908E-1
9.810193846E1,2.010448456E0,-9.089561105E-1,9.780266285E-1
9.812192446E1,2.392419100E0,-8.813722730E-1,1.311608315E0
9.814191146E1,2.300638437E0,-9.514095187E-1,1.229498267E0
9.816189846E1,2.357112646E0,-1.027023077E0,1.251503110E0
9.818188546E1,2.145341396E0,-7.305264473E-1,1.409524798E0
9.820187246E1,1.463825107E0,-5.460636616E-1,1.703684211E0
9.822185846E1,7.541748881E-1,-5.978697538E-1,1.851968527E0
9.824184546E1,4.416729808E-1,-1.367353797E0,1.766420841E0
9.826183246E1,3.725234270E-1,-2.073614359E0,1.794051409E0
9.828181946E1,7.165828347E-1,-1.535608172E0,1.535847783E0
9.830180646E1,1.570304036E0,3.603461385E-1,1.166316867E0
9.832179408E1,2.308039904E0,1.569609761E0,9.512887001E-1
9.834178008E1,3.632218361E0,1.754098386E-1,9.524216056E-1
9.836176708E1,2.991989613E0,-8.598035574E-1,1.512421250E0
9.838175408E1,2.368236065E0,-1.022488117E0,8.899705410E-1
9.840174108E1,1.867455125E0,4.129922390E-2,-3.125604987E-1
9.842172808E1,1.292691946E0,5.814267397E-1,-9.008783102E-1
9.844171508E1,9.376776814E-1,3.857654631E-1,-7.085427046E-1
9.846170108E1,1.047942042E0,-1.260541975E-1,1.312573627E-2
9.848168808E1,1.285555243E0,5.902023315E-1,4.007861316E-1
9.850167508E1,1.335749984E0,1.633004904E0,1.597535238E-2
9.852166208E1,1.262173176E0,2.451743841E0,-8.705838323E-1
9.854164908E1,1.277937889E0,2.637653589E0,-1.549182534E0
9.856163508E1,1.245296597E0,1.879597783E0,-1.382159114E0
9.858162208E1,1.495334029E0,8.760358691E-1,-8.922308087E-1
9.860160908E1,2.095861435E0,9.534379840E-1,-8.789229393E-1
9.862159608E1,2.694771767E0,5.709106326E-1,-7.128191590E-1
9.864158308E1,3.178465605E0,2.083259523E-1,-5.420818329E-1
9.866157008E1,3.716716290E0,-2.231947333E-2,-3.930446506E-1
9.868155608E1,4.230196953E0,-5.761348605E-1,2.464978024E-2
9.870154308E1,4.530955315E0,-9.049887061E-1,3.711648583E-1
9.872153008E1,4.332843781E0,-8.570582271E-1,5.441983938E-1
9.874151708E1,3.551134109E0,-6.874357462E-1,5.475146174E-1
9.876150408E1,2.254961252E0,-1.887047142E-1,2.821697593E-1
9.878149108E1,7.358078957E-1,2.392802089E-1,-1.166101396E-1
9.880147708E1,-7.171907425E-1,8.730529249E-2,-2.055959404E-1
9.882146408E1,-1.585701942E0,-2.977711335E-2,-1.157214418E-1
9.884145108E1,-1.907436848E0,1.823549569E-1,5.295786634E-2
9.886143808E1,-1.980027914E0,5.665737987E-1,6.187465414E-2
9.888142508E1,-1.948206663E0,6.180995107E-1,1.225100383E-1
9.890141108E1,-1.797120929E0,-1.289549284E-2,5.234673023E-1
9.892139808E1,-1.593822122E0,-1.143241167E0,1.180787683E0
9.894138508E1,-1.514050364E0,-1.283452868E0,1.337709188E0
9.896137208E1,-1.373003006E0,-4.130180776E-1,9.503152966E-1
9.898135908E1,-1.424864769E0,-5.020729899E-1,9.206370115E-1
9.900134608E1,-1.593801022E0,-9.716650844E-1,1.212553740E0
9.902133208E1,-1.736670971E0,-1.207839608E0,1.481991172E0
9.904131908E1,-1.846922040E0,-9.134423137E-1,1.368083000E0
9.906130608E1,-2.109499454E0,-4.328186512E-1,9.992306828E-1
9.908129308E1,-2.225346327E0,4.477198422E-1,5.734080076E-1
9.910128008E1,-2.083274841E0,1.168660164E0,1.945227087E-1
9.912126608E1,-1.943361044E0,1.384852290E0,8.484201133E-2
9.914125308E1,-1.824851751E0,1.160329938E0,5.468171835E-2
9.916124008E1,-1.543040156E0,9.090786576E-1,-6.991374493E-2
9.918122708E1,-1.214556813E0,9.690464139E-1,-1.826389581E-1
9.920121408E1,-9.467044473E-1,9.178072810E-1,-1.793102771E-1
9.922120108E1,-1.959986448E0,9.782680273E-1,2.221681625E-1
9.924118708E1,-1.938679338E0,5.277878642E-1,1.135123000E-1
9.926117408E1,-1.325033545E0,-7.584584355E-1,3.583590984E-1
9.928116108E1,-1.563592911E0,-2.779566646E-1,-6.448795795E-1
9.930114808E1,-1.472803235E0,-5.999926925E-1,-9.204865694E-1
9.932113487E1,-8.982722163E-1,-1.321399570E0,-9.890713096E-1
9.934112187E1,-4.380817115E-1,-4.939679801E-1,-1.425481558E0
9.936110787E1,-3.853467405E-1,3.217754960E-1,-1.595302105E0
9.938109487E1,9.975882247E-3,3.744876385E-1,-1.834482670E0
9.940108187E1,4.782585800E-1,2.549107075E-1,-2.119780302E0
9.942106887E1,4.682763219E-1,5.811733007E-2,-2.551997900E0
9.944105587E1,2.695381939E-1,-1.055415869E0,-2.309985876E0
9.946104187E1,3.061102033E-1,-1.168146014E0,-1.775867343E0
9.948102887E1,2.580506504E-1,-8.886312842E-1,-1.352762699E0
9.950101587E1,2.591966391E-1,-1.285647869E0,-2.273773849E-1
9.952100288E1,7.580515742E-1,-1.110476017E0,3.159804344E-1
9.954098987E1,1.348664999E0,-2.150981426E-1,-4.324873984E-1
9.956097687E1,1.078932762E0,-7.479498982E-1,-7.084476352E-1
9.958096287E1,-2.518723309E-1,-1.475031376E0,-3.393058181E-1
9.960094987E1,7.890613377E-2,-1.116291046E0,3.069983721E-1
9.962093687E1,1.531281322E-1,-1.069831371E0,3.882807493E-1
9.964092387E1,6.497906893E-2,-5.542365313E-1,4.982967079E-1
9.966091087E1,4.618676007E-1,-2.823464274E-1,4.918172359E-1
9.968089787E1,8.495778441E-1,-1.103130102E0,1.676554084E-1
9.970088387E1,1.129316330E0,-1.902300835E0,-9.986045957E-2
9.972087087E1,1.461883903E0,-2.419041157E0,-3.205379546E-1
9.974085787E1,1.709511161E0,-1.471235633E0,-3.922978938E-1
9.976084487E1,1.716320992E0,-5.370931029E-1,-1.584864706E-1
9.978083187E1,1.368908882E0,-2.631889582E-1,1.200154647E-1
9.980081787E1,1.145940542E0,8.431138098E-2,5.663886666E-1
9.982080487E1,7.835896611E-1,3.719037473E-1,8.297140598E-1
9.984079187E1,2.501862645E-1,7.874776721E-1,9.222373366E-1
9.986077887E1,-1.040354837E-2,9.755181074E-1,1.040053248E0
9.988076587E1,-3.557504155E-3,8.578689098E-1,1.230761170E0
9.990075287E1,-1.842798144E-1,-2.370965183E-1,1.127512217E0
9.992073887E1,-7.544276714E-1,-7.528663874E-1,1.382463574E0
9.994072587E1,-1.725902796E0,-6.246692538E-1,1.483694553E0
9.996071287E1,-1.741858125E0,-4.632605016E-1,1.886543989E0
9.998069987E1,-1.404366732E0,-5.428717136E-1,2.027047873E0
1.000006869E2,-7.630068660E-1,-5.831243992E-1,1.519617438E0
1.000206739E2,-3.144190013E-1,-8.759722114E-1,6.543611884E-1
1.000406599E2,-5.470447242E-2,-1.232935786E0,-7.360967994E-2
1.000606469E2,-3.474336267E-1,-7.991691828E-1,-8.682317287E-2
1.000806339E2,4.780818820E-1,-1.069836378E0,1.253130287E-1
1.001006209E2,9.328609109E-1,-1.307520151E0,4.686331451E-1
1.001206079E2,1.551992893E0,-1.914288282E0,8.998521566E-1
1.001405939E2,1.930705190E0,-2.027790546E0,1.120595455E0
1.001605809E2,1.922473550E0,-1.636094451E0,9.120358229E-1
1.001805679E2,1.001151085E0,-1.173761964E0,5.748170018E-1
1.002005549E2,3.538291156E-1,-1.007056713E0,3.464153111E-1
1.002205419E2,4.594512284E-1,-7.756301761E-1,4.872851074E-1
1.002405289E2,4.861107171E-1,-4.719949067E-1,7.311808467E-1
1.002605149E2,1.277818382E-1,2.193865627E-1,6.389097571E-1
1.002805019E2,-7.053205371E-2,5.822785497E-1,3.321884274E-1
1.003004889E2,2.616391182E-1,5.648732781E-1,2.074425220E-1
1.003204756E2,4.755635560E-1,5.562110543E-1,2.221993208E-1
1.003404626E2,3.414485157E-1,5.644317269E-1,1.019573659E-1
1.003604486E2,1.137312278E-1,6.747987866E-1,-3.271764144E-2
1.003804356E2,-6.744026393E-2,5.924872160E-1,-2.000048906E-1
1.004004226E2,-2.563851476E-1,1.692336351E-1,-2.582775354E-1
1.004204096E2,-1.756852716E-1,-2.281464338E-1,-1.694280654E-1
1.004403966E2,5.334105343E-2,-5.890560150E-1,-4.954506457E-2
1.004603836E2,-7.757184096E-3,-1.810443848E-1,-2.188020200E-1
1.004803696E2,-2.289257497E-1,-1.442190707E-1,3.104578704E-3
1.005003566E2,1.611010730E-1,-1.881568879E-1,3.146195412E-1
1.005203436E2,-7.525293529E-2,-2.911908552E-2,4.742068350E-1
1.005403306E2,-3.923400044E-1,2.176905125E-1,4.604611695E-1
1.005603176E2,-4.403110147E-1,3.350456059E-1,4.354876578E-1
1.005803046E2,-1.816541553E-1,1.405836344E-1,3.540881276E-1
1.006002906E2,-3.457176983E-1,3.941578791E-2,2.351465821E-1
1.006202776E2,-6.145380139E-1,1.485530883E-1,1.308989823E-1
1.006402646E2,-5.188875794E-1,7.629366964E-2,-7.024690509E-2
1.006602516E2,-5.481225252E-1,2.351167351E-1,-2.348502278E-1
1.006802386E2,-7.284366488E-1,2.057921290E-1,-4.694454074E-1
1.007002256E2,-6.556101441E-1,5.914400145E-2,-5.007343888E-1
1.007202116E2,-2.898555100E-1,-2.269839644E-1,-3.873550594E-1
1.007401986E2,1.707084849E-2,-6.181789041E-1,-2.703767419E-1
1.007601856E2,-1.932532154E-2,-7.763764858E-1,-1.894151121E-1
1.007801726E2,-2.324339747E-1,-7.174086571E-1,-1.668059081E-1
1.008001596E2,-3.896271586E-1,-5.927268863E-1,-2.170461863E-1
1.008201456E2,-3.921708465E-1,-5.131018162E-1,-1.979510635E-1
1.008401326E2,-2.496993840E-1,-5.313544869E-1,-1.723610163E-1
1.008601196E2,4.251743853E-2,-6.735550165E-1,-1.704376936E-1
1.008801066E2,9.207067080E-3,-5.612642169E-1,-1.450939476E-1
1.009000936E2,-7.251014560E-2,-4.656199813E-1,-1.152042374E-1
1.009200806E2,-4.801504314E-2,-4.527563453E-1,-8.538376540E-2
1.009400666E2,-5.466213077E-2,-4.998956025E-1,-5.547461286E-2
1.009600536E2,3.547558933E-2,-7.181220055E-1,2.312534023E-3
1.009800406E2,-2.346511930E-1,-5.986744165E-1,-3.503751755E-2
1.010000276E2,-3.402419686E-1,-4.496295452E-1,-1.176958978E-1
1.010200146E2,-1.961067170E-1,-3.712571263E-1,8.761864901E-2
1.010400016E2,2.109431289E-2,-4.130284488E-1,1.708864123E-1
1.010599876E2,-1.122648492E-1,-3.251123726E-1,2.033468187E-1
1.010799746E2,-1.547301561E-1,-3.124219477E-1,2.842283547E-1
1.010999616E2,-1.149135306E-1,-3.098568320E-1,3.250072002E-1
1.011199486E2,-1.350765079E-1,-1.215373501E-1,3.159148991E-1
1.011399356E2,-2.300649881E-1,2.531341910E-1,2.034072727E-1
1.011599216E2,-2.088989913E-1,5.290718079E-1,1.161978170E-1
1.011799086E2,-1.276611835E-1,6.244812608E-1,1.122451499E-1
1.011998956E2,-2.650952637E-1,8.150957823E-1,1.031813398E-1
1.012198826E2,-2.365825027E-1,8.414433599E-1,7.329723239E-2
1.012398696E2,-1.340966299E-2,6.216202974E-1,1.489451230E-1
1.012598566E2,4.498551041E-2,4.022544622E-1,2.260316312E-1
1.012798426E2,1.760730594E-1,1.052531227E-1,3.129116893E-1
1.012998296E2,2.167482972E-1,6.606015563E-2,3.698532581E-1
1.013198166E2,1.588616669E-1,5.309209228E-4,3.638007343E-1
1.013398036E2,1.974753588E-1,-1.613326222E-1,3.586224318E-1
1.013597906E2,3.187302053E-1,-2.319526225E-1,3.911705315E-1
1.013797776E2,1.792280525E-1,3.789099678E-2,4.580371678E-1
1.013997636E2,8.208059706E-3,2.756610215E-1,4.856168628E-1
1.014197506E2,-6.304574199E-3,3.272965848E-1,5.292295814E-1
1.014397376E2,8.326350152E-2,2.055500895E-1,4.907269180E-1
1.014597246E2,1.434292942E-1,1.054571718E-1,3.917843699E-1
1.014797116E2,2.218440175E-1,5.382562056E-2,3.259585202E-1
1.014996976E2,3.431748152E-1,-4.555237666E-2,2.706950009E-1
1.015196846E2,2.566058338E-1,-6.318330020E-2,2.800269723E-1
1.015396716E2,1.510962397E-1,3.306950256E-2,3.635244966E-1
1.015596586E2,8.144635707E-2,4.654467106E-2,4.037603736E-1
1.015796456E2,2.198012620E-1,-1.389179677E-1,3.733816445E-1
1.015996326E2,2.240841836E-1,-2.011501640E-1,3.137524128E-1
1.016196186E2,2.034280896E-1,-1.739706248E-1,2.635659277E-1
1.016396056E2,2.501595616E-1,-1.952658594E-1,2.641116381E-1
1.016595926E2,2.205395550E-1,-9.817361087E-2,2.780075073E-1
1.016795796E2,1.125513613E-1,4.491842911E-2,2.946130931E-1
1.016995666E2,7.477123290E-2,1.328969598E-1,3.163806796E-1
1.017195526E2,1.339617968E-1,6.672941148E-2,3.383448720E-1
1.017395396E2,1.843239367E-1,-2.415911853E-2,3.411864936E-1
1.017595266E2,1.244335026E-1,-3.407647088E-2,3.641324937E-1
1.017795136E2,1.728677154E-1,-1.219090819E-1,4.194714129E-1
1.017995006E2,2.183197886E-1,-2.176323682E-1,4.466433823E-1
1.018194876E2,2.744157314E-1,-1.847379655E-1,4.486668408E-1
1.018394736E2,2.255772650E-1,-8.098741621E-2,4.657675922E-1
1.018594606E2,1.534273624E-1,1.000878774E-2,4.814780653E-1
1.018794476E2,1.428161263E-1,9.272500873E-3,4.963134527E-1
1.018994346E2,1.909241974E-1,-3.509464487E-2,4.677372277E-1
1.019194216E2,2.017761916E-1,4.043687135E-2,4.641142190E-1
1.019394086E2,2.090997994E-1,7.232254744E-2,4.590561390E-1
1.019593946E2,2.516197860E-1,5.927775428E-2,4.798468649E-1
1.019793816E2,2.620198131E-1,3.539602086E-2,5.451105237E-1
1.019993686E2,3.476330042E-1,4.057864100E-2,6.571489573E-1
1.020193556E2,4.179950356E-1,3.077463806E-2,7.175824642E-1
1.020393426E2,3.448921144E-1,8.834451437E-2,7.005137205E-1
1.020593296E2,2.274139971E-1,1.803659052E-1,7.509766221E-1
1.020793156E2,1.376288086E-1,1.951613128E-1,8.405600190E-1
1.020993026E2,5.086159334E-2,2.717836797E-1,9.390820861E-1
1.021192896E2,1.347929388E-1,1.679664999E-1,8.366902471E-1
1.021392766E2,2.527664900E-1,7.366268337E-2,6.481310129E-1
1.021592636E2,2.786339819E-1,1.293295473E-1,4.329898953E-1
1.021792506E2,2.860581875E-1,1.719377190E-1,3.317804337E-1
1.021992366E2,1.546009630E-1,3.538507819E-1,3.503709137E-1
1.022192236E2,2.195094824E-1,5.248290300E-1,4.328756034E-1
1.022392106E2,2.253173739E-1,5.957947969E-1,4.797741771E-1
1.022591976E2,3.366204202E-1,5.025022030E-1,5.218864679E-1
1.022791846E2,4.070242345E-1,4.057135284E-1,4.441849887E-1
1.022991706E2,3.521478772E-1,4.505700469E-1,3.143058121E-1
1.023191575E2,1.193097308E-1,5.568646789E-1,1.878280491E-1
1.023391445E2,1.047055647E-1,4.960837960E-1,7.201413065E-2
1.023591315E2,8.905959129E-2,4.391877651E-1,8.685274422E-2
1.023791185E2,1.817538291E-1,2.954432070E-1,1.276304871E-1
1.023991055E2,2.682391107E-1,3.113312125E-1,1.759333014E-1
1.024190915E2,3.021539152E-1,2.881686985E-1,1.051587686E-1
1.024390785E2,1.089418754E-1,4.339347184E-1,-1.561247855E-1
1.024590655E2,-1.964277923E-1,7.823160291E-1,-5.311514139E-1
1.024790525E2,-8.066716045E-2,1.082924843E0,-8.025667071E-1
1.024990395E2,1.324536465E-2,1.129098058E0,-9.088012576E-1
1.025190265E2,-3.070066683E-2,9.846240878E-1,-9.001696110E-1
1.025390125E2,-1.081726048E-3,7.542979717E-1,-8.555955291E-1
1.025589995E2,-6.801863760E-2,7.856568098E-1,-8.564354777E-1
1.025789865E2,-2.796316147E-2,8.300313354E-1,-9.791451693E-1
1.025989735E2,-1.833733469E-1,9.710553885E-1,-1.008219123E0
1.026189605E2,-1.910301298E-1,9.905754328E-1,-1.041399717E0
1.026389475E2,-1.193807796E-1,1.077348828E0,-9.194785953E-1
1.026589335E2,-2.198227942E-1,1.140185475E0,-6.699358821E-1
1.026789205E2,-2.996789217E-1,1.066360831E0,-5.123920441E-1
1.026989075E2,-3.361696601E-1,8.014479280E-1,-4.414747953E-1
1.027188945E2,-3.706043065E-1,7.075418234E-1,-4.345271289E-1
1.027388815E2,-6.656429768E-1,8.822897673E-1,-4.707546234E-1
1.027588675E2,-7.611883879E-1,8.166366220E-1,-4.725179374E-1
1.027788545E2,-7.279828787E-1,7.517272830E-1,-3.654433787E-1
1.027988415E2,-5.637919903E-1,5.878096223E-1,-2.293452173E-1
1.028188285E2,-4.873533249E-1,3.011881113E-1,-1.139677390E-1
1.028388155E2,-3.135274351E-1,3.754054010E-2,-1.340932548E-1
1.028588025E2,9.299173020E-3,-1.768522114E-1,-1.672578603E-1
1.028787885E2,1.025548726E-1,-2.858350277E-1,-2.453646362E-1
1.028987755E2,3.659557998E-1,-5.624050498E-1,-2.768639922E-1
1.029187625E2,2.963350117E-1,-8.704907298E-1,-1.762545407E-1
1.029387495E2,1.361396313E-1,-1.029418588E0,-8.576940000E-2
1.029587365E2,-2.087890655E-1,-8.241335154E-1,-1.255394369E-1
1.029787235E2,-8.518952131E-1,-2.126597166E-1,-3.930233419E-1
1.029987095E2,-1.448278666E0,6.671567559E-1,-8.263750672E-1
1.030186965E2,-1.595467687E0,1.067341685E0,-2.188164145E-1
1.030386835E2,1.463610679E-2,3.196586370E-1,1.125588059E0
1.030586705E2,9.820181727E-1,-1.061298490E0,1.335349560E0
1.030786575E2,4.440564513E-1,-8.760582805E-1,1.321370125E0
1.030986435E2,-8.491808176E-1,-3.261811435E-1,5.008973479E-1
1.031186305E2,-2.358741999E0,1.484760791E-1,-5.517109632E-1
1.031386175E2,-3.501335621E0,7.952234149E-1,-1.872205496E0
1.031586045E2,-3.467206240E0,9.934154153E-1,-3.263651133E0
1.031785915E2,-2.328825474E0,3.899139166E-1,-3.816505194E0
1.031985785E2,-8.749883771E-1,-1.277898401E-1,-4.006132603E0
1.032185645E2,5.198607966E-2,-2.642398179E-1,-4.112781525E0
1.032385515E2,3.925747275E-1,-4.852049053E-1,-4.325509548E0
1.032585385E2,3.807618320E-1,-1.086462021E0,-4.760541916E0
1.032785255E2,1.718181372E-1,-8.864265680E-1,-5.203092575E0
1.032985125E2,-4.964645803E-1,-2.295644581E-1,-5.165696144E0
1.033184992E2,-9.306052923E-1,-2.783179879E-1,-5.351711750E0
1.033384862E2,-6.497151852E-1,-3.062034845E-1,-6.098787785E0
1.033584732E2,-4.519101083E-1,-4.109072387E-1,-7.006340981E0
1.033784602E2,-2.422783673E-1,-6.898162421E-3,-7.755752563E0
1.033984472E2,3.125961870E-2,1.398384124E-1,-7.850126743E0
1.034184342E2,-5.914513394E-2,-4.533245564E-1,-7.019971371E0
1.034384202E2,-2.527507246E-1,-1.460161328E0,-6.217226505E0
1.034584073E2,-2.460563630E-1,-2.188558102E0,-5.822119713E0
1.034783942E2,1.586557925E-1,-2.062852859E0,-5.525022984E0
1.034983812E2,4.847223461E-1,-2.364076376E0,-5.123981476E0
1.035183682E2,7.893694639E-1,-2.109833717E0,-4.667254925E0
1.035383542E2,1.037103415E0,-1.062075615E0,-3.563386917E0
1.035583412E2,1.088419199E0,-1.291671246E-1,-2.231954098E0
1.035783282E2,7.951200604E-1,3.037795126E-1,-1.428364992E0
1.035983152E2,4.568010271E-1,5.014076829E-1,-9.961864948E-1
1.036183022E2,3.698806763E-1,8.630455732E-1,-6.674267054E-1
1.036382892E2,5.558853745E-1,1.161154747E0,-3.594563305E-1
1.036582752E2,1.014855623E0,1.450104833E0,2.636032403E-1
1.036782622E2,1.407709956E0,1.605551600E0,1.012883067E0
1.036982492E2,1.488677025E0,1.891960263E0,1.528249264E0
1.037182362E2,1.728239536E0,1.402520180E0,1.817816138E0
1.037382232E2,1.752126098E0,9.910169244E-1,1.465794444E0
1.037582103E2,1.060540557E0,1.797849059E0,9.934579730E-1
1.037781962E2,9.939339757E-2,2.827165604E0,9.947029948E-1
1.037981832E2,-7.082000971E-1,3.378612280E0,1.245901942E0
1.038181702E2,-1.199137092E0,1.634078145E0,1.372017622E0
1.038381572E2,-1.125898242E0,7.362945080E-1,1.328806758E0
1.038581442E2,-5.408708453E-1,1.895119786E0,1.233280420E0
1.038781302E2,-2.456211895E-1,2.628199339E0,1.066758871E0
1.038981172E2,-2.982048392E-1,2.234942436E0,1.106829882E0
1.039181042E2,-2.922743559E-1,1.743052840E0,1.185646653E0
1.039380912E2,3.402644023E-2,2.311609268E0,9.421671033E-1
1.039580782E2,1.869036108E-1,9.703990817E-1,1.246862888E0
1.039780652E2,2.158493996E-1,5.514664203E-2,1.426093102E0
1.039980512E2,2.039589882E-1,8.923046291E-2,1.288970113E0
1.040180382E2,1.058393717E-1,3.962301016E-1,1.315141797E0
1.040380252E2,-7.558041811E-2,6.660323739E-1,1.598189950E0
1.040580122E2,-2.772111893E-1,8.428276181E-1,1.697791934E0
1.040779992E2,-5.543703437E-1,9.075938463E-1,1.477486491E0
1.040979862E2,-9.667959213E-1,8.102746010E-1,1.173859477E0
1.041179722E2,-1.262154818E0,6.924746633E-1,1.125461578E0
1.041379592E2,-1.160325289E0,1.179093003E0,1.133601785E0
1.041579462E2,-7.042244673E-1,1.745672822E0,1.101225019E0
1.041779332E2,-1.018434912E-1,2.019251108E0,1.024105191E0
1.041979202E2,2.864628732E-1,1.651572585E0,9.272390008E-1
1.042179062E2,3.901769817E-1,1.222484708E0,9.245894551E-1
1.042378932E2,3.695011437E-1,1.299861431E0,1.031315446E0
1.042578802E2,2.895965874E-1,1.542451501E0,1.111261845E0
1.042778672E2,1.950622201E-1,1.947998762E0,1.207118869E0
1.042978542E2,-4.300580546E-2,1.762510538E0,1.141311169E0
1.043178406E2,-1.358979642E-1,1.495967031E0,9.527880549E-1
1.043378266E2,-6.277639419E-2,1.554730177E0,9.084541202E-1
1.043578136E2,1.690465212E-1,1.530764222E0,9.348875880E-1
1.043778006E2,5.040655136E-1,1.447692513E0,9.976372719E-1
1.043977876E2,7.325561047E-1,1.385349154E0,1.068979144E0
1.044177746E2,6.494318843E-1,1.171856523E0,1.127265334E0
1.044377616E2,3.011145592E-1,1.372290850E0,1.190909266E0
1.044577476E2,-3.079013526E-1,1.721498370E0,1.274855018E0
1.044777346E2,-8.534890413E-1,1.852440238E0,1.038736582E0
1.044977216E2,-1.120330095E0,1.885719657E0,5.535373092E-1
1.045177086E2,-1.062282920E0,1.599750876E0,2.474772483E-1
1.045376956E2,-8.773649931E-1,9.013385177E-1,3.849512935E-1
1.045576816E2,-7.044137716E-1,-1.544981916E-2,6.317676902E-1
1.045776686E2,-6.613121033E-1,-5.400425196E-1,7.000069022E-1
1.045976556E2,-8.063464165E-1,-4.153240025E-1,7.493978739E-1
1.046176426E2,-1.094883680E0,-2.809008956E-1,7.414811850E-1
1.046376296E2,-1.175240636E0,5.251276493E-1,4.639246464E-1
1.046576166E2,-9.718194604E-1,1.701322675E0,2.158796787E-1
1.046776026E2,-6.967723966E-1,2.165758848E0,1.403380483E-1
1.046975896E2,-3.858715594E-1,1.638422012E0,3.827810287E-1
1.047175766E2,2.679843642E-2,8.110865951E-1,6.408932805E-1
1.047375636E2,4.426244497E-1,4.345876873E-1,9.971044064E-1
1.047575506E2,7.139800191E-1,4.647440910E-1,1.233530045E0
1.047775366E2,5.845218301E-1,7.072661519E-1,1.325611234E0
1.047975236E2,1.587594748E-1,8.310207129E-1,1.439650178E0
1.048175106E2,-3.565486073E-1,7.535637617E-1,1.456010222E0
1.048374976E2,-7.345177531E-1,7.332054973E-1,1.334623814E0
1.048574846E2,-8.938509822E-1,6.463658810E-1,9.436014891E-1
1.048774716E2,-8.191010952E-1,5.491118431E-1,6.689352989E-1
1.048974576E2,-4.786529243E-1,6.999264359E-1,5.419512987E-1
1.049174446E2,-1.152174175E-1,9.606715441E-1,4.934540391E-1
1.049374316E2,1.051561162E-1,8.942698836E-1,4.231156409E-1
1.049574186E2,1.341894418E-1,4.762406349E-1,3.228380680E-1
1.049774056E2,1.289420426E-1,3.975482658E-2,3.268224299E-1
1.049973926E2,1.219450906E-1,-6.251759082E-2,3.291340172E-1
1.050173786E2,1.592386514E-1,-5.756326392E-2,3.525488675E-1
1.050373656E2,1.960187554E-1,-1.507312991E-2,3.219312727E-1
1.050573526E2,1.609630734E-1,1.394013409E-3,3.110905886E-1
1.050773396E2,1.135760248E-1,1.358574033E-1,3.022291660E-1
1.050973266E2,3.164680302E-2,2.141737565E-2,3.148539066E-1
1.051173126E2,7.978895307E-2,-2.177751213E-1,3.195900917E-1
1.051372996E2,1.338894218E-1,-4.456149638E-1,2.453294545E-1
1.051572866E2,1.706851870E-1,-4.780377746E-1,2.791340053E-1
1.051772736E2,1.744199097E-1,-3.911736906E-1,4.102108181E-1
1.051972606E2,1.603508368E-2,-3.937065303E-1,4.965041578E-1
1.052172476E2,-3.372167051E-1,-3.670687675E-1,5.262309313E-1
1.052372336E2,-5.781136155E-1,-3.032600880E-1,6.743511558E-1
1.052572206E2,-6.597890854E-1,-3.090240061E-1,7.971513867E-1
1.052772076E2,-5.064245462E-1,-2.956245244E-1,5.652642846E-1
1.052971946E2,-4.505741969E-2,-4.423539340E-1,2.194131762E-1
1.053171820E2,3.780722618E-1,-8.039172888E-1,1.406080723E-1
1.053371690E2,6.218442917E-1,-1.317258120E0,-1.498339698E-4
1.053571550E2,7.336626053E-1,-1.753511906E0,-1.910263151E-1
1.053771420E2,7.669185400E-1,-1.985097051E0,-4.013079777E-2
1.053971290E2,8.142951131E-1,-1.900284410E0,-6.730010360E-2
1.054171160E2,8.145743608E-1,-1.508869767E0,1.269944478E-3
1.054371030E2,6.134171486E-1,-1.102939367E0,1.716365814E-1
1.054570890E2,2.805217803E-1,-6.672570109E-1,1.941157728E-1
1.054770760E2,-1.405619737E-2,-3.458617032E-1,1.765762120E-1
1.054970630E2,-2.024219930E-1,-2.972406745E-1,9.225413948E-2
1.055170500E2,-1.285662502E-1,-3.503507376E-1,-3.258660063E-2
1.055370370E2,2.718641609E-2,-4.095315337E-1,-1.247484758E-1
1.055570240E2,5.980678275E-2,-3.234567046E-1,-1.438984871E-1
1.055770100E2,2.944852598E-2,-2.030446529E-1,-8.135120571E-2
1.055969970E2,1.166494787E-1,-2.736847401E-1,-4.224082083E-2
1.056169840E2,1.448828727E-1,-5.031846762E-1,-8.275913075E-3
1.056369710E2,-7.106616627E-3,-3.871994615E-1,1.323921233E-2
1.056569580E2,-4.012538195E-1,5.857391655E-2,8.267873526E-2
1.056769450E2,-4.415706396E-1,7.826799154E-2,-7.236597687E-2
1.056969310E2,-2.549198568E-1,-9.491022676E-2,-1.700525582E-1
1.057169180E2,-2.320317328E-1,1.723903567E-1,-1.199113876E-1