Description	
Number of Runs	2500
Preset Time	1
Pause Time	0
Alarm Level	0
High Voltage	800
Step Voltage	0
Volume	0

Run	High		Elapsed
Number	Voltage	Counts	Time	Date/Time
1	800	10	1	02/07/24 11:01:50 AM	
2	800	8	1	02/07/24 11:01:51 AM	
3	800	11	1	02/07/24 11:01:53 AM	
4	800	11	1	02/07/24 11:01:54 AM	
5	800	8	1	02/07/24 11:01:55 AM	
6	800	7	1	02/07/24 11:01:56 AM	
7	800	10	1	02/07/24 11:01:57 AM	
8	800	13	1	02/07/24 11:01:58 AM	
9	800	8	1	02/07/24 11:01:59 AM	
10	800	19	1	02/07/24 11:02:01 AM	
11	800	11	1	02/07/24 11:02:02 AM	
12	800	14	1	02/07/24 11:02:03 AM	
13	800	14	1	02/07/24 11:02:04 AM	
14	800	14	1	02/07/24 11:02:05 AM	
15	800	17	1	02/07/24 11:02:06 AM	
16	800	10	1	02/07/24 11:02:07 AM	
17	800	9	1	02/07/24 11:02:09 AM	
18	800	14	1	02/07/24 11:02:10 AM	
19	800	11	1	02/07/24 11:02:11 AM	
20	800	12	1	02/07/24 11:02:12 AM	
21	800	8	1	02/07/24 11:02:13 AM	
22	800	10	1	02/07/24 11:02:14 AM	
23	800	13	1	02/07/24 11:02:16 AM	
24	800	13	1	02/07/24 11:02:17 AM	
25	800	12	1	02/07/24 11:02:18 AM	
26	800	9	1	02/07/24 11:02:19 AM	
27	800	11	1	02/07/24 11:02:20 AM	
28	800	10	1	02/07/24 11:02:21 AM	
29	800	10	1	02/07/24 11:02:22 AM	
30	800	14	1	02/07/24 11:02:24 AM	
31	800	8	1	02/07/24 11:02:25 AM	
32	800	10	1	02/07/24 11:02:26 AM	
33	800	12	1	02/07/24 11:02:27 AM	
34	800	10	1	02/07/24 11:02:28 AM	
35	800	13	1	02/07/24 11:02:29 AM	
36	800	14	1	02/07/24 11:02:30 AM	
37	800	12	1	02/07/24 11:02:32 AM	
38	800	10	1	02/07/24 11:02:33 AM	
39	800	14	1	02/07/24 11:02:34 AM	
40	800	16	1	02/07/24 11:02:35 AM	
41	800	13	1	02/07/24 11:02:36 AM	
42	800	11	1	02/07/24 11:02:37 AM	
43	800	13	1	02/07/24 11:02:39 AM	
44	800	6	1	02/07/24 11:02:40 AM	
45	800	15	1	02/07/24 11:02:41 AM	
46	800	8	1	02/07/24 11:02:42 AM	
47	800	10	1	02/07/24 11:02:43 AM	
48	800	19	1	02/07/24 11:02:44 AM	
49	800	12	1	02/07/24 11:02:45 AM	
50	800	11	1	02/07/24 11:02:47 AM	
51	800	12	1	02/07/24 11:02:48 AM	
52	800	11	1	02/07/24 11:02:49 AM	
53	800	11	1	02/07/24 11:02:50 AM	
54	800	12	1	02/07/24 11:02:51 AM	
55	800	11	1	02/07/24 11:02:52 AM	
56	800	12	1	02/07/24 11:02:54 AM	
57	800	7	1	02/07/24 11:02:55 AM	
58	800	13	1	02/07/24 11:02:56 AM	
59	800	9	1	02/07/24 11:02:57 AM	
60	800	12	1	02/07/24 11:02:58 AM	
61	800	9	1	02/07/24 11:02:59 AM	
62	800	6	1	02/07/24 11:03:00 AM	
63	800	5	1	02/07/24 11:03:02 AM	
64	800	12	1	02/07/24 11:03:03 AM	
65	800	10	1	02/07/24 11:03:04 AM	
66	800	10	1	02/07/24 11:03:05 AM	
67	800	11	1	02/07/24 11:03:06 AM	
68	800	15	1	02/07/24 11:03:07 AM	
69	800	14	1	02/07/24 11:03:09 AM	
70	800	7	1	02/07/24 11:03:10 AM	
71	800	9	1	02/07/24 11:03:11 AM	
72	800	9	1	02/07/24 11:03:12 AM	
73	800	15	1	02/07/24 11:03:13 AM	
74	800	13	1	02/07/24 11:03:14 AM	
75	800	8	1	02/07/24 11:03:15 AM	
76	800	14	1	02/07/24 11:03:17 AM	
77	800	11	1	02/07/24 11:03:18 AM	
78	800	8	1	02/07/24 11:03:19 AM	
79	800	17	1	02/07/24 11:03:20 AM	
80	800	9	1	02/07/24 11:03:21 AM	
81	800	11	1	02/07/24 11:03:23 AM	
82	800	13	1	02/07/24 11:03:24 AM	
83	800	13	1	02/07/24 11:03:25 AM	
84	800	10	1	02/07/24 11:03:26 AM	
85	800	9	1	02/07/24 11:03:27 AM	
86	800	6	1	02/07/24 11:03:28 AM	
87	800	17	1	02/07/24 11:03:29 AM	
88	800	12	1	02/07/24 11:03:31 AM	
89	800	15	1	02/07/24 11:03:32 AM	
90	800	15	1	02/07/24 11:03:33 AM	
91	800	4	1	02/07/24 11:03:34 AM	
92	800	20	1	02/07/24 11:03:35 AM	
93	800	9	1	02/07/24 11:03:36 AM	
94	800	16	1	02/07/24 11:03:37 AM	
95	800	4	1	02/07/24 11:03:39 AM	
96	800	12	1	02/07/24 11:03:40 AM	
97	800	14	1	02/07/24 11:03:41 AM	
98	800	18	1	02/07/24 11:03:42 AM	
99	800	12	1	02/07/24 11:03:43 AM	
100	800	16	1	02/07/24 11:03:44 AM	
101	800	7	1	02/07/24 11:03:46 AM	
102	800	13	1	02/07/24 11:03:47 AM	
103	800	8	1	02/07/24 11:03:48 AM	
104	800	12	1	02/07/24 11:03:49 AM	
105	800	17	1	02/07/24 11:03:50 AM	
106	800	12	1	02/07/24 11:03:51 AM	
107	800	10	1	02/07/24 11:03:53 AM	
108	800	9	1	02/07/24 11:03:54 AM	
109	800	17	1	02/07/24 11:03:55 AM	
110	800	14	1	02/07/24 11:03:56 AM	
111	800	4	1	02/07/24 11:03:57 AM	
112	800	12	1	02/07/24 11:03:58 AM	
113	800	8	1	02/07/24 11:03:59 AM	
114	800	14	1	02/07/24 11:04:01 AM	
115	800	10	1	02/07/24 11:04:02 AM	
116	800	3	1	02/07/24 11:04:03 AM	
117	800	13	1	02/07/24 11:04:04 AM	
118	800	10	1	02/07/24 11:04:05 AM	
119	800	9	1	02/07/24 11:04:06 AM	
120	800	9	1	02/07/24 11:04:08 AM	
121	800	15	1	02/07/24 11:04:09 AM	
122	800	11	1	02/07/24 11:04:10 AM	
123	800	11	1	02/07/24 11:04:11 AM	
124	800	12	1	02/07/24 11:04:12 AM	
125	800	12	1	02/07/24 11:04:13 AM	
126	800	10	1	02/07/24 11:04:14 AM	
127	800	17	1	02/07/24 11:04:16 AM	
128	800	14	1	02/07/24 11:04:17 AM	
129	800	8	1	02/07/24 11:04:18 AM	
130	800	13	1	02/07/24 11:04:19 AM	
131	800	10	1	02/07/24 11:04:20 AM	
132	800	14	1	02/07/24 11:04:21 AM	
133	800	16	1	02/07/24 11:04:22 AM	
134	800	10	1	02/07/24 11:04:24 AM	
135	800	9	1	02/07/24 11:04:25 AM	
136	800	11	1	02/07/24 11:04:26 AM	
137	800	13	1	02/07/24 11:04:27 AM	
138	800	9	1	02/07/24 11:04:28 AM	
139	800	12	1	02/07/24 11:04:29 AM	
140	800	10	1	02/07/24 11:04:31 AM	
141	800	12	1	02/07/24 11:04:32 AM	
142	800	15	1	02/07/24 11:04:33 AM	
143	800	12	1	02/07/24 11:04:34 AM	
144	800	7	1	02/07/24 11:04:35 AM	
145	800	13	1	02/07/24 11:04:36 AM	
146	800	13	1	02/07/24 11:04:37 AM	
147	800	7	1	02/07/24 11:04:39 AM	
148	800	12	1	02/07/24 11:04:40 AM	
149	800	11	1	02/07/24 11:04:41 AM	
150	800	8	1	02/07/24 11:04:42 AM	
151	800	10	1	02/07/24 11:04:43 AM	
152	800	13	1	02/07/24 11:04:44 AM	
153	800	8	1	02/07/24 11:04:46 AM	
154	800	11	1	02/07/24 11:04:47 AM	
155	800	5	1	02/07/24 11:04:48 AM	
156	800	17	1	02/07/24 11:04:49 AM	
157	800	11	1	02/07/24 11:04:50 AM	
158	800	17	1	02/07/24 11:04:51 AM	
159	800	6	1	02/07/24 11:04:53 AM	
160	800	10	1	02/07/24 11:04:54 AM	
161	800	14	1	02/07/24 11:04:55 AM	
162	800	6	1	02/07/24 11:04:56 AM	
163	800	13	1	02/07/24 11:04:57 AM	
164	800	11	1	02/07/24 11:04:58 AM	
165	800	19	1	02/07/24 11:05:00 AM	
166	800	9	1	02/07/24 11:05:01 AM	
167	800	14	1	02/07/24 11:05:02 AM	
168	800	11	1	02/07/24 11:05:03 AM	
169	800	11	1	02/07/24 11:05:04 AM	
170	800	11	1	02/07/24 11:05:05 AM	
171	800	6	1	02/07/24 11:05:06 AM	
172	800	8	1	02/07/24 11:05:08 AM	
173	800	14	1	02/07/24 11:05:09 AM	
174	800	9	1	02/07/24 11:05:10 AM	
175	800	16	1	02/07/24 11:05:11 AM	
176	800	6	1	02/07/24 11:05:12 AM	
177	800	9	1	02/07/24 11:05:13 AM	
178	800	16	1	02/07/24 11:05:14 AM	
179	800	18	1	02/07/24 11:05:16 AM	
180	800	18	1	02/07/24 11:05:17 AM	
181	800	7	1	02/07/24 11:05:18 AM	
182	800	12	1	02/07/24 11:05:19 AM	
183	800	6	1	02/07/24 11:05:20 AM	
184	800	11	1	02/07/24 11:05:21 AM	
185	800	9	1	02/07/24 11:05:23 AM	
186	800	16	1	02/07/24 11:05:24 AM	
187	800	11	1	02/07/24 11:05:25 AM	
188	800	9	1	02/07/24 11:05:26 AM	
189	800	11	1	02/07/24 11:05:27 AM	
190	800	16	1	02/07/24 11:05:28 AM	
191	800	15	1	02/07/24 11:05:30 AM	
192	800	15	1	02/07/24 11:05:31 AM	
193	800	8	1	02/07/24 11:05:32 AM	
194	800	11	1	02/07/24 11:05:33 AM	
195	800	20	1	02/07/24 11:05:34 AM	
196	800	10	1	02/07/24 11:05:35 AM	
197	800	9	1	02/07/24 11:05:37 AM	
198	800	11	1	02/07/24 11:05:38 AM	
199	800	11	1	02/07/24 11:05:39 AM	
200	800	14	1	02/07/24 11:05:40 AM	
201	800	10	1	02/07/24 11:05:41 AM	
202	800	10	1	02/07/24 11:05:42 AM	
203	800	15	1	02/07/24 11:05:44 AM	
204	800	6	1	02/07/24 11:05:45 AM	
205	800	10	1	02/07/24 11:05:46 AM	
206	800	9	1	02/07/24 11:05:47 AM	
207	800	14	1	02/07/24 11:05:48 AM	
208	800	8	1	02/07/24 11:05:49 AM	
209	800	14	1	02/07/24 11:05:51 AM	
210	800	7	1	02/07/24 11:05:52 AM	
211	800	6	1	02/07/24 11:05:53 AM	
212	800	9	1	02/07/24 11:05:54 AM	
213	800	14	1	02/07/24 11:05:55 AM	
214	800	11	1	02/07/24 11:05:56 AM	
215	800	6	1	02/07/24 11:05:58 AM	
216	800	11	1	02/07/24 11:05:59 AM	
217	800	13	1	02/07/24 11:06:00 AM	
218	800	10	1	02/07/24 11:06:01 AM	
219	800	9	1	02/07/24 11:06:02 AM	
220	800	9	1	02/07/24 11:06:03 AM	
221	800	10	1	02/07/24 11:06:05 AM	
222	800	8	1	02/07/24 11:06:06 AM	
223	800	7	1	02/07/24 11:06:07 AM	
224	800	12	1	02/07/24 11:06:08 AM	
225	800	11	1	02/07/24 11:06:09 AM	
226	800	9	1	02/07/24 11:06:10 AM	
227	800	12	1	02/07/24 11:06:11 AM	
228	800	8	1	02/07/24 11:06:13 AM	
229	800	16	1	02/07/24 11:06:14 AM	
230	800	10	1	02/07/24 11:06:15 AM	
231	800	10	1	02/07/24 11:06:16 AM	
232	800	7	1	02/07/24 11:06:17 AM	
233	800	11	1	02/07/24 11:06:18 AM	
234	800	15	1	02/07/24 11:06:19 AM	
235	800	8	1	02/07/24 11:06:21 AM	
236	800	11	1	02/07/24 11:06:22 AM	
237	800	13	1	02/07/24 11:06:23 AM	
238	800	9	1	02/07/24 11:06:24 AM	
239	800	12	1	02/07/24 11:06:25 AM	
240	800	12	1	02/07/24 11:06:26 AM	
241	800	14	1	02/07/24 11:06:28 AM	
242	800	15	1	02/07/24 11:06:29 AM	
243	800	13	1	02/07/24 11:06:30 AM	
244	800	11	1	02/07/24 11:06:31 AM	
245	800	13	1	02/07/24 11:06:32 AM	
246	800	12	1	02/07/24 11:06:33 AM	
247	800	13	1	02/07/24 11:06:35 AM	
248	800	8	1	02/07/24 11:06:36 AM	
249	800	9	1	02/07/24 11:06:37 AM	
250	800	16	1	02/07/24 11:06:38 AM	
251	800	15	1	02/07/24 11:06:39 AM	
252	800	12	1	02/07/24 11:06:41 AM	
253	800	7	1	02/07/24 11:06:42 AM	
254	800	17	1	02/07/24 11:06:43 AM	
255	800	4	1	02/07/24 11:06:44 AM	
256	800	8	1	02/07/24 11:06:45 AM	
257	800	16	1	02/07/24 11:06:46 AM	
258	800	12	1	02/07/24 11:06:47 AM	
259	800	10	1	02/07/24 11:06:48 AM	
260	800	9	1	02/07/24 11:06:50 AM	
261	800	12	1	02/07/24 11:06:51 AM	
262	800	10	1	02/07/24 11:06:52 AM	
263	800	11	1	02/07/24 11:06:53 AM	
264	800	5	1	02/07/24 11:06:54 AM	
265	800	13	1	02/07/24 11:06:56 AM	
266	800	13	1	02/07/24 11:06:57 AM	
267	800	8	1	02/07/24 11:06:58 AM	
268	800	9	1	02/07/24 11:06:59 AM	
269	800	9	1	02/07/24 11:07:00 AM	
270	800	11	1	02/07/24 11:07:01 AM	
271	800	12	1	02/07/24 11:07:02 AM	
272	800	8	1	02/07/24 11:07:04 AM	
273	800	11	1	02/07/24 11:07:05 AM	
274	800	10	1	02/07/24 11:07:06 AM	
275	800	11	1	02/07/24 11:07:07 AM	
276	800	7	1	02/07/24 11:07:08 AM	
277	800	13	1	02/07/24 11:07:09 AM	
278	800	11	1	02/07/24 11:07:10 AM	
279	800	9	1	02/07/24 11:07:12 AM	
280	800	12	1	02/07/24 11:07:13 AM	
281	800	12	1	02/07/24 11:07:14 AM	
282	800	15	1	02/07/24 11:07:15 AM	
283	800	13	1	02/07/24 11:07:16 AM	
284	800	7	1	02/07/24 11:07:17 AM	
285	800	13	1	02/07/24 11:07:18 AM	
286	800	9	1	02/07/24 11:07:20 AM	
287	800	9	1	02/07/24 11:07:21 AM	
288	800	12	1	02/07/24 11:07:22 AM	
289	800	10	1	02/07/24 11:07:23 AM	
290	800	5	1	02/07/24 11:07:24 AM	
291	800	4	1	02/07/24 11:07:25 AM	
292	800	11	1	02/07/24 11:07:27 AM	
293	800	15	1	02/07/24 11:07:28 AM	
294	800	17	1	02/07/24 11:07:29 AM	
295	800	7	1	02/07/24 11:07:30 AM	
296	800	8	1	02/07/24 11:07:31 AM	
297	800	10	1	02/07/24 11:07:33 AM	
298	800	9	1	02/07/24 11:07:34 AM	
299	800	8	1	02/07/24 11:07:35 AM	
300	800	3	1	02/07/24 11:07:36 AM	
301	800	9	1	02/07/24 11:07:37 AM	
302	800	10	1	02/07/24 11:07:38 AM	
303	800	11	1	02/07/24 11:07:39 AM	
304	800	9	1	02/07/24 11:07:40 AM	
305	800	10	1	02/07/24 11:07:42 AM	
306	800	12	1	02/07/24 11:07:43 AM	
307	800	11	1	02/07/24 11:07:44 AM	
308	800	8	1	02/07/24 11:07:45 AM	
309	800	11	1	02/07/24 11:07:46 AM	
310	800	9	1	02/07/24 11:07:47 AM	
311	800	14	1	02/07/24 11:07:49 AM	
312	800	12	1	02/07/24 11:07:50 AM	
313	800	18	1	02/07/24 11:07:51 AM	
314	800	8	1	02/07/24 11:07:52 AM	
315	800	10	1	02/07/24 11:07:53 AM	
316	800	11	1	02/07/24 11:07:54 AM	
317	800	8	1	02/07/24 11:07:55 AM	
318	800	10	1	02/07/24 11:07:57 AM	
319	800	4	1	02/07/24 11:07:58 AM	
320	800	8	1	02/07/24 11:07:59 AM	
321	800	14	1	02/07/24 11:08:00 AM	
322	800	10	1	02/07/24 11:08:01 AM	
323	800	14	1	02/07/24 11:08:02 AM	
324	800	15	1	02/07/24 11:08:04 AM	
325	800	12	1	02/07/24 11:08:05 AM	
326	800	17	1	02/07/24 11:08:06 AM	
327	800	8	1	02/07/24 11:08:07 AM	
328	800	12	1	02/07/24 11:08:08 AM	
329	800	9	1	02/07/24 11:08:09 AM	
330	800	16	1	02/07/24 11:08:10 AM	
331	800	8	1	02/07/24 11:08:12 AM	
332	800	9	1	02/07/24 11:08:13 AM	
333	800	10	1	02/07/24 11:08:14 AM	
334	800	13	1	02/07/24 11:08:15 AM	
335	800	9	1	02/07/24 11:08:16 AM	
336	800	12	1	02/07/24 11:08:17 AM	
337	800	12	1	02/07/24 11:08:19 AM	
338	800	13	1	02/07/24 11:08:20 AM	
339	800	11	1	02/07/24 11:08:21 AM	
340	800	7	1	02/07/24 11:08:22 AM	
341	800	17	1	02/07/24 11:08:23 AM	
342	800	12	1	02/07/24 11:08:24 AM	
343	800	8	1	02/07/24 11:08:26 AM	
344	800	16	1	02/07/24 11:08:27 AM	
345	800	10	1	02/07/24 11:08:28 AM	
346	800	10	1	02/07/24 11:08:29 AM	
347	800	9	1	02/07/24 11:08:30 AM	
348	800	10	1	02/07/24 11:08:31 AM	
349	800	6	1	02/07/24 11:08:32 AM	
350	800	8	1	02/07/24 11:08:33 AM	
351	800	12	1	02/07/24 11:08:35 AM	
352	800	11	1	02/07/24 11:08:36 AM	
353	800	14	1	02/07/24 11:08:37 AM	
354	800	7	1	02/07/24 11:08:38 AM	
355	800	7	1	02/07/24 11:08:39 AM	
356	800	18	1	02/07/24 11:08:40 AM	
357	800	8	1	02/07/24 11:08:41 AM	
358	800	6	1	02/07/24 11:08:43 AM	
359	800	7	1	02/07/24 11:08:44 AM	
360	800	11	1	02/07/24 11:08:45 AM	
361	800	14	1	02/07/24 11:08:46 AM	
362	800	14	1	02/07/24 11:08:47 AM	
363	800	5	1	02/07/24 11:08:48 AM	
364	800	8	1	02/07/24 11:08:50 AM	
365	800	12	1	02/07/24 11:08:51 AM	
366	800	12	1	02/07/24 11:08:52 AM	
367	800	13	1	02/07/24 11:08:53 AM	
368	800	8	1	02/07/24 11:08:54 AM	
369	800	13	1	02/07/24 11:08:55 AM	
370	800	15	1	02/07/24 11:08:56 AM	
371	800	8	1	02/07/24 11:08:58 AM	
372	800	12	1	02/07/24 11:08:59 AM	
373	800	3	1	02/07/24 11:09:00 AM	
374	800	10	1	02/07/24 11:09:01 AM	
375	800	10	1	02/07/24 11:09:02 AM	
376	800	11	1	02/07/24 11:09:03 AM	
377	800	10	1	02/07/24 11:09:05 AM	
378	800	16	1	02/07/24 11:09:06 AM	
379	800	13	1	02/07/24 11:09:07 AM	
380	800	14	1	02/07/24 11:09:08 AM	
381	800	11	1	02/07/24 11:09:09 AM	
382	800	11	1	02/07/24 11:09:11 AM	
383	800	11	1	02/07/24 11:09:12 AM	
384	800	9	1	02/07/24 11:09:13 AM	
385	800	5	1	02/07/24 11:09:14 AM	
386	800	15	1	02/07/24 11:09:15 AM	
387	800	12	1	02/07/24 11:09:16 AM	
388	800	4	1	02/07/24 11:09:17 AM	
389	800	9	1	02/07/24 11:09:19 AM	
390	800	17	1	02/07/24 11:09:20 AM	
391	800	17	1	02/07/24 11:09:21 AM	
392	800	13	1	02/07/24 11:09:22 AM	
393	800	8	1	02/07/24 11:09:23 AM	
394	800	6	1	02/07/24 11:09:24 AM	
395	800	14	1	02/07/24 11:09:25 AM	
396	800	9	1	02/07/24 11:09:27 AM	
397	800	13	1	02/07/24 11:09:28 AM	
398	800	10	1	02/07/24 11:09:29 AM	
399	800	14	1	02/07/24 11:09:30 AM	
400	800	17	1	02/07/24 11:09:31 AM	
401	800	15	1	02/07/24 11:09:32 AM	
402	800	9	1	02/07/24 11:09:33 AM	
403	800	6	1	02/07/24 11:09:35 AM	
404	800	9	1	02/07/24 11:09:36 AM	
405	800	9	1	02/07/24 11:09:37 AM	
406	800	8	1	02/07/24 11:09:38 AM	
407	800	9	1	02/07/24 11:09:39 AM	
408	800	12	1	02/07/24 11:09:40 AM	
409	800	6	1	02/07/24 11:09:41 AM	
410	800	10	1	02/07/24 11:09:43 AM	
411	800	7	1	02/07/24 11:09:44 AM	
412	800	15	1	02/07/24 11:09:45 AM	
413	800	9	1	02/07/24 11:09:46 AM	
414	800	13	1	02/07/24 11:09:47 AM	
415	800	21	1	02/07/24 11:09:49 AM	
416	800	13	1	02/07/24 11:09:50 AM	
417	800	10	1	02/07/24 11:09:51 AM	
418	800	13	1	02/07/24 11:09:52 AM	
419	800	8	1	02/07/24 11:09:53 AM	
420	800	9	1	02/07/24 11:09:54 AM	
421	800	7	1	02/07/24 11:09:56 AM	
422	800	12	1	02/07/24 11:09:57 AM	
423	800	9	1	02/07/24 11:09:58 AM	
424	800	22	1	02/07/24 11:09:59 AM	
425	800	9	1	02/07/24 11:10:00 AM	
426	800	11	1	02/07/24 11:10:01 AM	
427	800	13	1	02/07/24 11:10:02 AM	
428	800	11	1	02/07/24 11:10:04 AM	
429	800	16	1	02/07/24 11:10:05 AM	
430	800	10	1	02/07/24 11:10:06 AM	
431	800	11	1	02/07/24 11:10:07 AM	
432	800	14	1	02/07/24 11:10:08 AM	
433	800	15	1	02/07/24 11:10:09 AM	
434	800	14	1	02/07/24 11:10:10 AM	
435	800	11	1	02/07/24 11:10:12 AM	
436	800	12	1	02/07/24 11:10:13 AM	
437	800	19	1	02/07/24 11:10:14 AM	
438	800	4	1	02/07/24 11:10:15 AM	
439	800	5	1	02/07/24 11:10:16 AM	
440	800	10	1	02/07/24 11:10:17 AM	
441	800	10	1	02/07/24 11:10:19 AM	
442	800	14	1	02/07/24 11:10:20 AM	
443	800	8	1	02/07/24 11:10:21 AM	
444	800	18	1	02/07/24 11:10:22 AM	
445	800	6	1	02/07/24 11:10:23 AM	
446	800	8	1	02/07/24 11:10:24 AM	
447	800	7	1	02/07/24 11:10:25 AM	
448	800	15	1	02/07/24 11:10:27 AM	
449	800	13	1	02/07/24 11:10:28 AM	
450	800	10	1	02/07/24 11:10:29 AM	
451	800	10	1	02/07/24 11:10:30 AM	
452	800	8	1	02/07/24 11:10:31 AM	
453	800	9	1	02/07/24 11:10:32 AM	
454	800	10	1	02/07/24 11:10:33 AM	
455	800	10	1	02/07/24 11:10:35 AM	
456	800	10	1	02/07/24 11:10:36 AM	
457	800	12	1	02/07/24 11:10:37 AM	
458	800	5	1	02/07/24 11:10:38 AM	
459	800	14	1	02/07/24 11:10:39 AM	
460	800	13	1	02/07/24 11:10:40 AM	
461	800	4	1	02/07/24 11:10:41 AM	
462	800	13	1	02/07/24 11:10:43 AM	
463	800	10	1	02/07/24 11:10:44 AM	
464	800	11	1	02/07/24 11:10:45 AM	
465	800	17	1	02/07/24 11:10:46 AM	
466	800	9	1	02/07/24 11:10:47 AM	
467	800	8	1	02/07/24 11:10:48 AM	
468	800	7	1	02/07/24 11:10:50 AM	
469	800	7	1	02/07/24 11:10:51 AM	
470	800	8	1	02/07/24 11:10:52 AM	
471	800	9	1	02/07/24 11:10:53 AM	
472	800	9	1	02/07/24 11:10:54 AM	
473	800	10	1	02/07/24 11:10:55 AM	
474	800	12	1	02/07/24 11:10:56 AM	
475	800	17	1	02/07/24 11:10:58 AM	
476	800	13	1	02/07/24 11:10:59 AM	
477	800	17	1	02/07/24 11:11:00 AM	
478	800	3	1	02/07/24 11:11:01 AM	
479	800	11	1	02/07/24 11:11:02 AM	
480	800	8	1	02/07/24 11:11:03 AM	
481	800	11	1	02/07/24 11:11:04 AM	
482	800	6	1	02/07/24 11:11:06 AM	
483	800	12	1	02/07/24 11:11:07 AM	
484	800	17	1	02/07/24 11:11:08 AM	
485	800	12	1	02/07/24 11:11:09 AM	
486	800	8	1	02/07/24 11:11:10 AM	
487	800	8	1	02/07/24 11:11:11 AM	
488	800	8	1	02/07/24 11:11:12 AM	
489	800	10	1	02/07/24 11:11:14 AM	
490	800	9	1	02/07/24 11:11:15 AM	
491	800	13	1	02/07/24 11:11:16 AM	
492	800	12	1	02/07/24 11:11:17 AM	
493	800	8	1	02/07/24 11:11:18 AM	
494	800	11	1	02/07/24 11:11:19 AM	
495	800	19	1	02/07/24 11:11:20 AM	
496	800	8	1	02/07/24 11:11:22 AM	
497	800	12	1	02/07/24 11:11:23 AM	
498	800	6	1	02/07/24 11:11:24 AM	
499	800	11	1	02/07/24 11:11:25 AM	
500	800	13	1	02/07/24 11:11:26 AM	
501	800	15	1	02/07/24 11:11:27 AM	
502	800	8	1	02/07/24 11:11:29 AM	
503	800	5	1	02/07/24 11:11:30 AM	
504	800	8	1	02/07/24 11:11:31 AM	
505	800	10	1	02/07/24 11:11:32 AM	
506	800	12	1	02/07/24 11:11:33 AM	
507	800	6	1	02/07/24 11:11:34 AM	
508	800	13	1	02/07/24 11:11:36 AM	
509	800	8	1	02/07/24 11:11:37 AM	
510	800	14	1	02/07/24 11:11:38 AM	
511	800	9	1	02/07/24 11:11:39 AM	
512	800	11	1	02/07/24 11:11:40 AM	
513	800	14	1	02/07/24 11:11:41 AM	
514	800	8	1	02/07/24 11:11:42 AM	
515	800	11	1	02/07/24 11:11:44 AM	
516	800	7	1	02/07/24 11:11:45 AM	
517	800	12	1	02/07/24 11:11:46 AM	
518	800	11	1	02/07/24 11:11:47 AM	
519	800	10	1	02/07/24 11:11:48 AM	
520	800	10	1	02/07/24 11:11:49 AM	
521	800	8	1	02/07/24 11:11:51 AM	
522	800	10	1	02/07/24 11:11:52 AM	
523	800	6	1	02/07/24 11:11:53 AM	
524	800	8	1	02/07/24 11:11:54 AM	
525	800	6	1	02/07/24 11:11:55 AM	
526	800	13	1	02/07/24 11:11:56 AM	
527	800	10	1	02/07/24 11:11:57 AM	
528	800	8	1	02/07/24 11:11:59 AM	
529	800	17	1	02/07/24 11:12:00 AM	
530	800	10	1	02/07/24 11:12:01 AM	
531	800	12	1	02/07/24 11:12:02 AM	
532	800	11	1	02/07/24 11:12:03 AM	
533	800	4	1	02/07/24 11:12:04 AM	
534	800	7	1	02/07/24 11:12:06 AM	
535	800	5	1	02/07/24 11:12:07 AM	
536	800	20	1	02/07/24 11:12:08 AM	
537	800	2	1	02/07/24 11:12:09 AM	
538	800	10	1	02/07/24 11:12:10 AM	
539	800	12	1	02/07/24 11:12:11 AM	
540	800	15	1	02/07/24 11:12:13 AM	
541	800	16	1	02/07/24 11:12:14 AM	
542	800	5	1	02/07/24 11:12:15 AM	
543	800	16	1	02/07/24 11:12:16 AM	
544	800	9	1	02/07/24 11:12:17 AM	
545	800	11	1	02/07/24 11:12:18 AM	
546	800	12	1	02/07/24 11:12:19 AM	
547	800	12	1	02/07/24 11:12:20 AM	
548	800	5	1	02/07/24 11:12:22 AM	
549	800	11	1	02/07/24 11:12:23 AM	
550	800	11	1	02/07/24 11:12:24 AM	
551	800	14	1	02/07/24 11:12:25 AM	
552	800	14	1	02/07/24 11:12:26 AM	
553	800	10	1	02/07/24 11:12:27 AM	
554	800	16	1	02/07/24 11:12:28 AM	
555	800	19	1	02/07/24 11:12:30 AM	
556	800	10	1	02/07/24 11:12:31 AM	
557	800	11	1	02/07/24 11:12:32 AM	
558	800	13	1	02/07/24 11:12:33 AM	
559	800	9	1	02/07/24 11:12:34 AM	
560	800	14	1	02/07/24 11:12:35 AM	
561	800	8	1	02/07/24 11:12:37 AM	
562	800	15	1	02/07/24 11:12:38 AM	
563	800	5	1	02/07/24 11:12:39 AM	
564	800	9	1	02/07/24 11:12:40 AM	
565	800	13	1	02/07/24 11:12:41 AM	
566	800	12	1	02/07/24 11:12:42 AM	
567	800	11	1	02/07/24 11:12:43 AM	
568	800	9	1	02/07/24 11:12:45 AM	
569	800	13	1	02/07/24 11:12:46 AM	
570	800	8	1	02/07/24 11:12:47 AM	
571	800	16	1	02/07/24 11:12:48 AM	
572	800	14	1	02/07/24 11:12:49 AM	
573	800	10	1	02/07/24 11:12:50 AM	
574	800	15	1	02/07/24 11:12:52 AM	
575	800	5	1	02/07/24 11:12:53 AM	
576	800	5	1	02/07/24 11:12:54 AM	
577	800	17	1	02/07/24 11:12:55 AM	
578	800	7	1	02/07/24 11:12:56 AM	
579	800	11	1	02/07/24 11:12:57 AM	
580	800	17	1	02/07/24 11:12:58 AM	
581	800	10	1	02/07/24 11:13:00 AM	
582	800	12	1	02/07/24 11:13:01 AM	
583	800	8	1	02/07/24 11:13:02 AM	
584	800	14	1	02/07/24 11:13:03 AM	
585	800	14	1	02/07/24 11:13:04 AM	
586	800	10	1	02/07/24 11:13:05 AM	
587	800	7	1	02/07/24 11:13:06 AM	
588	800	8	1	02/07/24 11:13:08 AM	
589	800	7	1	02/07/24 11:13:09 AM	
590	800	14	1	02/07/24 11:13:10 AM	
591	800	10	1	02/07/24 11:13:11 AM	
592	800	13	1	02/07/24 11:13:12 AM	
593	800	10	1	02/07/24 11:13:13 AM	
594	800	15	1	02/07/24 11:13:15 AM	
595	800	15	1	02/07/24 11:13:16 AM	
596	800	13	1	02/07/24 11:13:17 AM	
597	800	8	1	02/07/24 11:13:18 AM	
598	800	11	1	02/07/24 11:13:19 AM	
599	800	11	1	02/07/24 11:13:20 AM	
600	800	6	1	02/07/24 11:13:21 AM	
601	800	17	1	02/07/24 11:13:23 AM	
602	800	9	1	02/07/24 11:13:24 AM	
603	800	10	1	02/07/24 11:13:25 AM	
604	800	5	1	02/07/24 11:13:26 AM	
605	800	11	1	02/07/24 11:13:27 AM	
606	800	13	1	02/07/24 11:13:28 AM	
607	800	13	1	02/07/24 11:13:29 AM	
608	800	5	1	02/07/24 11:13:31 AM	
609	800	12	1	02/07/24 11:13:32 AM	
610	800	8	1	02/07/24 11:13:33 AM	
611	800	11	1	02/07/24 11:13:34 AM	
612	800	7	1	02/07/24 11:13:35 AM	
613	800	14	1	02/07/24 11:13:36 AM	
614	800	12	1	02/07/24 11:13:38 AM	
615	800	8	1	02/07/24 11:13:39 AM	
616	800	9	1	02/07/24 11:13:40 AM	
617	800	7	1	02/07/24 11:13:41 AM	
618	800	8	1	02/07/24 11:13:42 AM	
619	800	11	1	02/07/24 11:13:43 AM	
620	800	10	1	02/07/24 11:13:44 AM	
621	800	17	1	02/07/24 11:13:46 AM	
622	800	13	1	02/07/24 11:13:47 AM	
623	800	11	1	02/07/24 11:13:48 AM	
624	800	9	1	02/07/24 11:13:49 AM	
625	800	11	1	02/07/24 11:13:50 AM	
626	800	14	1	02/07/24 11:13:51 AM	
627	800	19	1	02/07/24 11:13:52 AM	
628	800	9	1	02/07/24 11:13:54 AM	
629	800	6	1	02/07/24 11:13:55 AM	
630	800	15	1	02/07/24 11:13:56 AM	
631	800	9	1	02/07/24 11:13:57 AM	
632	800	9	1	02/07/24 11:13:58 AM	
633	800	11	1	02/07/24 11:13:59 AM	
634	800	12	1	02/07/24 11:14:01 AM	
635	800	12	1	02/07/24 11:14:02 AM	
636	800	9	1	02/07/24 11:14:03 AM	
637	800	12	1	02/07/24 11:14:04 AM	
638	800	11	1	02/07/24 11:14:05 AM	
639	800	9	1	02/07/24 11:14:06 AM	
640	800	14	1	02/07/24 11:14:07 AM	
641	800	13	1	02/07/24 11:14:09 AM	
642	800	10	1	02/07/24 11:14:10 AM	
643	800	9	1	02/07/24 11:14:11 AM	
644	800	13	1	02/07/24 11:14:12 AM	
645	800	6	1	02/07/24 11:14:13 AM	
646	800	10	1	02/07/24 11:14:14 AM	
647	800	13	1	02/07/24 11:14:16 AM	
648	800	17	1	02/07/24 11:14:17 AM	
649	800	8	1	02/07/24 11:14:18 AM	
650	800	12	1	02/07/24 11:14:19 AM	
651	800	9	1	02/07/24 11:14:20 AM	
652	800	12	1	02/07/24 11:14:21 AM	
653	800	13	1	02/07/24 11:14:23 AM	
654	800	11	1	02/07/24 11:14:24 AM	
655	800	12	1	02/07/24 11:14:25 AM	
656	800	8	1	02/07/24 11:14:26 AM	
657	800	17	1	02/07/24 11:14:27 AM	
658	800	12	1	02/07/24 11:14:28 AM	
659	800	16	1	02/07/24 11:14:29 AM	
660	800	9	1	02/07/24 11:14:31 AM	
661	800	11	1	02/07/24 11:14:32 AM	
662	800	6	1	02/07/24 11:14:33 AM	
663	800	12	1	02/07/24 11:14:34 AM	
664	800	5	1	02/07/24 11:14:35 AM	
665	800	8	1	02/07/24 11:14:36 AM	
666	800	11	1	02/07/24 11:14:38 AM	
667	800	5	1	02/07/24 11:14:39 AM	
668	800	10	1	02/07/24 11:14:40 AM	
669	800	7	1	02/07/24 11:14:41 AM	
670	800	12	1	02/07/24 11:14:42 AM	
671	800	12	1	02/07/24 11:14:43 AM	
672	800	19	1	02/07/24 11:14:44 AM	
673	800	10	1	02/07/24 11:14:46 AM	
674	800	11	1	02/07/24 11:14:47 AM	
675	800	9	1	02/07/24 11:14:48 AM	
676	800	12	1	02/07/24 11:14:49 AM	
677	800	12	1	02/07/24 11:14:50 AM	
678	800	9	1	02/07/24 11:14:51 AM	
679	800	6	1	02/07/24 11:14:52 AM	
680	800	17	1	02/07/24 11:14:54 AM	
681	800	6	1	02/07/24 11:14:55 AM	
682	800	9	1	02/07/24 11:14:56 AM	
683	800	11	1	02/07/24 11:14:57 AM	
684	800	13	1	02/07/24 11:14:58 AM	
685	800	9	1	02/07/24 11:14:59 AM	
686	800	9	1	02/07/24 11:15:00 AM	
687	800	15	1	02/07/24 11:15:02 AM	
688	800	8	1	02/07/24 11:15:03 AM	
689	800	15	1	02/07/24 11:15:04 AM	
690	800	10	1	02/07/24 11:15:05 AM	
691	800	7	1	02/07/24 11:15:06 AM	
692	800	14	1	02/07/24 11:15:07 AM	
693	800	12	1	02/07/24 11:15:08 AM	
694	800	15	1	02/07/24 11:15:10 AM	
695	800	11	1	02/07/24 11:15:11 AM	
696	800	6	1	02/07/24 11:15:12 AM	
697	800	11	1	02/07/24 11:15:13 AM	
698	800	6	1	02/07/24 11:15:14 AM	
699	800	17	1	02/07/24 11:15:15 AM	
700	800	15	1	02/07/24 11:15:17 AM	
701	800	14	1	02/07/24 11:15:18 AM	
702	800	10	1	02/07/24 11:15:19 AM	
703	800	14	1	02/07/24 11:15:20 AM	
704	800	11	1	02/07/24 11:15:21 AM	
705	800	19	1	02/07/24 11:15:22 AM	
706	800	13	1	02/07/24 11:15:23 AM	
707	800	10	1	02/07/24 11:15:25 AM	
708	800	13	1	02/07/24 11:15:26 AM	
709	800	17	1	02/07/24 11:15:27 AM	
710	800	7	1	02/07/24 11:15:28 AM	
711	800	6	1	02/07/24 11:15:29 AM	
712	800	12	1	02/07/24 11:15:30 AM	
713	800	9	1	02/07/24 11:15:31 AM	
714	800	11	1	02/07/24 11:15:33 AM	
715	800	10	1	02/07/24 11:15:34 AM	
716	800	8	1	02/07/24 11:15:35 AM	
717	800	15	1	02/07/24 11:15:36 AM	
718	800	10	1	02/07/24 11:15:37 AM	
719	800	7	1	02/07/24 11:15:38 AM	
720	800	14	1	02/07/24 11:15:39 AM	
721	800	15	1	02/07/24 11:15:41 AM	
722	800	9	1	02/07/24 11:15:42 AM	
723	800	12	1	02/07/24 11:15:43 AM	
724	800	7	1	02/07/24 11:15:44 AM	
725	800	16	1	02/07/24 11:15:45 AM	
726	800	9	1	02/07/24 11:15:47 AM	
727	800	12	1	02/07/24 11:15:48 AM	
728	800	14	1	02/07/24 11:15:49 AM	
729	800	6	1	02/07/24 11:15:50 AM	
730	800	13	1	02/07/24 11:15:51 AM	
731	800	10	1	02/07/24 11:15:52 AM	
732	800	7	1	02/07/24 11:15:53 AM	
733	800	12	1	02/07/24 11:15:55 AM	
734	800	6	1	02/07/24 11:15:56 AM	
735	800	3	1	02/07/24 11:15:57 AM	
736	800	12	1	02/07/24 11:15:58 AM	
737	800	12	1	02/07/24 11:15:59 AM	
738	800	7	1	02/07/24 11:16:00 AM	
739	800	11	1	02/07/24 11:16:02 AM	
740	800	9	1	02/07/24 11:16:03 AM	
741	800	11	1	02/07/24 11:16:04 AM	
742	800	11	1	02/07/24 11:16:05 AM	
743	800	12	1	02/07/24 11:16:06 AM	
744	800	11	1	02/07/24 11:16:07 AM	
745	800	16	1	02/07/24 11:16:09 AM	
746	800	12	1	02/07/24 11:16:10 AM	
747	800	8	1	02/07/24 11:16:11 AM	
748	800	14	1	02/07/24 11:16:12 AM	
749	800	11	1	02/07/24 11:16:13 AM	
750	800	11	1	02/07/24 11:16:14 AM	
751	800	18	1	02/07/24 11:16:15 AM	
752	800	11	1	02/07/24 11:16:17 AM	
753	800	12	1	02/07/24 11:16:18 AM	
754	800	7	1	02/07/24 11:16:19 AM	
755	800	12	1	02/07/24 11:16:20 AM	
756	800	9	1	02/07/24 11:16:21 AM	
757	800	9	1	02/07/24 11:16:22 AM	
758	800	6	1	02/07/24 11:16:24 AM	
759	800	9	1	02/07/24 11:16:25 AM	
760	800	14	1	02/07/24 11:16:26 AM	
761	800	8	1	02/07/24 11:16:27 AM	
762	800	10	1	02/07/24 11:16:28 AM	
763	800	11	1	02/07/24 11:16:29 AM	
764	800	15	1	02/07/24 11:16:30 AM	
765	800	6	1	02/07/24 11:16:32 AM	
766	800	16	1	02/07/24 11:16:33 AM	
767	800	12	1	02/07/24 11:16:34 AM	
768	800	10	1	02/07/24 11:16:35 AM	
769	800	14	1	02/07/24 11:16:36 AM	
770	800	14	1	02/07/24 11:16:37 AM	
771	800	12	1	02/07/24 11:16:38 AM	
772	800	4	1	02/07/24 11:16:40 AM	
773	800	9	1	02/07/24 11:16:41 AM	
774	800	5	1	02/07/24 11:16:42 AM	
775	800	9	1	02/07/24 11:16:43 AM	
776	800	10	1	02/07/24 11:16:44 AM	
777	800	12	1	02/07/24 11:16:45 AM	
778	800	22	1	02/07/24 11:16:46 AM	
779	800	6	1	02/07/24 11:16:48 AM	
780	800	9	1	02/07/24 11:16:49 AM	
781	800	8	1	02/07/24 11:16:50 AM	
782	800	7	1	02/07/24 11:16:51 AM	
783	800	9	1	02/07/24 11:16:52 AM	
784	800	12	1	02/07/24 11:16:53 AM	
785	800	14	1	02/07/24 11:16:54 AM	
786	800	8	1	02/07/24 11:16:56 AM	
787	800	15	1	02/07/24 11:16:57 AM	
788	800	11	1	02/07/24 11:16:58 AM	
789	800	7	1	02/07/24 11:16:59 AM	
790	800	10	1	02/07/24 11:17:00 AM	
791	800	8	1	02/07/24 11:17:01 AM	
792	800	14	1	02/07/24 11:17:03 AM	
793	800	8	1	02/07/24 11:17:04 AM	
794	800	14	1	02/07/24 11:17:05 AM	
795	800	15	1	02/07/24 11:17:06 AM	
796	800	21	1	02/07/24 11:17:07 AM	
797	800	12	1	02/07/24 11:17:08 AM	
798	800	13	1	02/07/24 11:17:09 AM	
799	800	7	1	02/07/24 11:17:11 AM	
800	800	16	1	02/07/24 11:17:12 AM	
801	800	14	1	02/07/24 11:17:13 AM	
802	800	16	1	02/07/24 11:17:14 AM	
803	800	18	1	02/07/24 11:17:15 AM	
804	800	8	1	02/07/24 11:17:16 AM	
805	800	14	1	02/07/24 11:17:17 AM	
806	800	3	1	02/07/24 11:17:19 AM	
807	800	7	1	02/07/24 11:17:20 AM	
808	800	12	1	02/07/24 11:17:21 AM	
809	800	10	1	02/07/24 11:17:22 AM	
810	800	7	1	02/07/24 11:17:23 AM	
811	800	8	1	02/07/24 11:17:24 AM	
812	800	6	1	02/07/24 11:17:25 AM	
813	800	10	1	02/07/24 11:17:27 AM	
814	800	22	1	02/07/24 11:17:28 AM	
815	800	10	1	02/07/24 11:17:29 AM	
816	800	11	1	02/07/24 11:17:30 AM	
817	800	17	1	02/07/24 11:17:31 AM	
818	800	17	1	02/07/24 11:17:32 AM	
819	800	12	1	02/07/24 11:17:34 AM	
820	800	19	1	02/07/24 11:17:35 AM	
821	800	11	1	02/07/24 11:17:36 AM	
822	800	14	1	02/07/24 11:17:37 AM	
823	800	12	1	02/07/24 11:17:38 AM	
824	800	13	1	02/07/24 11:17:39 AM	
825	800	7	1	02/07/24 11:17:41 AM	
826	800	9	1	02/07/24 11:17:42 AM	
827	800	8	1	02/07/24 11:17:43 AM	
828	800	12	1	02/07/24 11:17:44 AM	
829	800	10	1	02/07/24 11:17:45 AM	
830	800	12	1	02/07/24 11:17:46 AM	
831	800	9	1	02/07/24 11:17:47 AM	
832	800	11	1	02/07/24 11:17:49 AM	
833	800	10	1	02/07/24 11:17:50 AM	
834	800	9	1	02/07/24 11:17:51 AM	
835	800	12	1	02/07/24 11:17:52 AM	
836	800	16	1	02/07/24 11:17:53 AM	
837	800	13	1	02/07/24 11:17:54 AM	
838	800	16	1	02/07/24 11:17:56 AM	
839	800	16	1	02/07/24 11:17:57 AM	
840	800	11	1	02/07/24 11:17:58 AM	
841	800	11	1	02/07/24 11:17:59 AM	
842	800	14	1	02/07/24 11:18:00 AM	
843	800	12	1	02/07/24 11:18:01 AM	
844	800	10	1	02/07/24 11:18:02 AM	
845	800	10	1	02/07/24 11:18:04 AM	
846	800	7	1	02/07/24 11:18:05 AM	
847	800	7	1	02/07/24 11:18:06 AM	
848	800	11	1	02/07/24 11:18:07 AM	
849	800	10	1	02/07/24 11:18:08 AM	
850	800	11	1	02/07/24 11:18:09 AM	
851	800	9	1	02/07/24 11:18:10 AM	
852	800	8	1	02/07/24 11:18:12 AM	
853	800	8	1	02/07/24 11:18:13 AM	
854	800	17	1	02/07/24 11:18:14 AM	
855	800	8	1	02/07/24 11:18:15 AM	
856	800	11	1	02/07/24 11:18:16 AM	
857	800	12	1	02/07/24 11:18:17 AM	
858	800	8	1	02/07/24 11:18:18 AM	
859	800	7	1	02/07/24 11:18:20 AM	
860	800	15	1	02/07/24 11:18:21 AM	
861	800	11	1	02/07/24 11:18:22 AM	
862	800	12	1	02/07/24 11:18:23 AM	
863	800	13	1	02/07/24 11:18:24 AM	
864	800	8	1	02/07/24 11:18:25 AM	
865	800	10	1	02/07/24 11:18:26 AM	
866	800	9	1	02/07/24 11:18:28 AM	
867	800	13	1	02/07/24 11:18:29 AM	
868	800	12	1	02/07/24 11:18:30 AM	
869	800	15	1	02/07/24 11:18:31 AM	
870	800	11	1	02/07/24 11:18:32 AM	
871	800	10	1	02/07/24 11:18:34 AM	
872	800	14	1	02/07/24 11:18:35 AM	
873	800	7	1	02/07/24 11:18:36 AM	
874	800	10	1	02/07/24 11:18:37 AM	
875	800	8	1	02/07/24 11:18:38 AM	
876	800	15	1	02/07/24 11:18:39 AM	
877	800	14	1	02/07/24 11:18:40 AM	
878	800	13	1	02/07/24 11:18:42 AM	
879	800	11	1	02/07/24 11:18:43 AM	
880	800	8	1	02/07/24 11:18:44 AM	
881	800	12	1	02/07/24 11:18:45 AM	
882	800	9	1	02/07/24 11:18:46 AM	
883	800	15	1	02/07/24 11:18:47 AM	
884	800	9	1	02/07/24 11:18:49 AM	
885	800	12	1	02/07/24 11:18:50 AM	
886	800	11	1	02/07/24 11:18:51 AM	
887	800	9	1	02/07/24 11:18:52 AM	
888	800	5	1	02/07/24 11:18:53 AM	
889	800	11	1	02/07/24 11:18:54 AM	
890	800	11	1	02/07/24 11:18:55 AM	
891	800	9	1	02/07/24 11:18:57 AM	
892	800	12	1	02/07/24 11:18:58 AM	
893	800	9	1	02/07/24 11:18:59 AM	
894	800	8	1	02/07/24 11:19:00 AM	
895	800	14	1	02/07/24 11:19:01 AM	
896	800	11	1	02/07/24 11:19:02 AM	
897	800	14	1	02/07/24 11:19:04 AM	
898	800	13	1	02/07/24 11:19:05 AM	
899	800	16	1	02/07/24 11:19:06 AM	
900	800	7	1	02/07/24 11:19:07 AM	
901	800	6	1	02/07/24 11:19:08 AM	
902	800	9	1	02/07/24 11:19:09 AM	
903	800	14	1	02/07/24 11:19:10 AM	
904	800	11	1	02/07/24 11:19:12 AM	
905	800	17	1	02/07/24 11:19:13 AM	
906	800	9	1	02/07/24 11:19:14 AM	
907	800	10	1	02/07/24 11:19:15 AM	
908	800	12	1	02/07/24 11:19:16 AM	
909	800	6	1	02/07/24 11:19:17 AM	
910	800	13	1	02/07/24 11:19:19 AM	
911	800	13	1	02/07/24 11:19:20 AM	
912	800	14	1	02/07/24 11:19:21 AM	
913	800	9	1	02/07/24 11:19:22 AM	
914	800	9	1	02/07/24 11:19:23 AM	
915	800	5	1	02/07/24 11:19:24 AM	
916	800	10	1	02/07/24 11:19:26 AM	
917	800	12	1	02/07/24 11:19:27 AM	
918	800	12	1	02/07/24 11:19:28 AM	
919	800	10	1	02/07/24 11:19:29 AM	
920	800	10	1	02/07/24 11:19:30 AM	
921	800	11	1	02/07/24 11:19:31 AM	
922	800	12	1	02/07/24 11:19:33 AM	
923	800	10	1	02/07/24 11:19:34 AM	
924	800	11	1	02/07/24 11:19:35 AM	
925	800	12	1	02/07/24 11:19:36 AM	
926	800	5	1	02/07/24 11:19:37 AM	
927	800	8	1	02/07/24 11:19:38 AM	
928	800	8	1	02/07/24 11:19:40 AM	
929	800	16	1	02/07/24 11:19:41 AM	
930	800	10	1	02/07/24 11:19:42 AM	
931	800	8	1	02/07/24 11:19:43 AM	
932	800	8	1	02/07/24 11:19:44 AM	
933	800	8	1	02/07/24 11:19:45 AM	
934	800	12	1	02/07/24 11:19:46 AM	
935	800	14	1	02/07/24 11:19:48 AM	
936	800	8	1	02/07/24 11:19:49 AM	
937	800	12	1	02/07/24 11:19:50 AM	
938	800	11	1	02/07/24 11:19:51 AM	
939	800	8	1	02/07/24 11:19:52 AM	
940	800	13	1	02/07/24 11:19:53 AM	
941	800	14	1	02/07/24 11:19:54 AM	
942	800	13	1	02/07/24 11:19:55 AM	
943	800	12	1	02/07/24 11:19:57 AM	
944	800	16	1	02/07/24 11:19:58 AM	
945	800	10	1	02/07/24 11:19:59 AM	
946	800	9	1	02/07/24 11:20:00 AM	
947	800	10	1	02/07/24 11:20:01 AM	
948	800	15	1	02/07/24 11:20:02 AM	
949	800	12	1	02/07/24 11:20:04 AM	
950	800	13	1	02/07/24 11:20:05 AM	
951	800	13	1	02/07/24 11:20:06 AM	
952	800	10	1	02/07/24 11:20:07 AM	
953	800	10	1	02/07/24 11:20:08 AM	
954	800	12	1	02/07/24 11:20:09 AM	
955	800	11	1	02/07/24 11:20:11 AM	
956	800	4	1	02/07/24 11:20:12 AM	
957	800	12	1	02/07/24 11:20:13 AM	
958	800	9	1	02/07/24 11:20:14 AM	
959	800	10	1	02/07/24 11:20:15 AM	
960	800	10	1	02/07/24 11:20:16 AM	
961	800	9	1	02/07/24 11:20:18 AM	
962	800	10	1	02/07/24 11:20:19 AM	
963	800	11	1	02/07/24 11:20:20 AM	
964	800	13	1	02/07/24 11:20:21 AM	
965	800	8	1	02/07/24 11:20:22 AM	
966	800	12	1	02/07/24 11:20:23 AM	
967	800	13	1	02/07/24 11:20:25 AM	
968	800	10	1	02/07/24 11:20:26 AM	
969	800	11	1	02/07/24 11:20:27 AM	
970	800	8	1	02/07/24 11:20:28 AM	
971	800	10	1	02/07/24 11:20:29 AM	
972	800	17	1	02/07/24 11:20:30 AM	
973	800	8	1	02/07/24 11:20:31 AM	
974	800	9	1	02/07/24 11:20:33 AM	
975	800	12	1	02/07/24 11:20:34 AM	
976	800	13	1	02/07/24 11:20:35 AM	
977	800	14	1	02/07/24 11:20:36 AM	
978	800	3	1	02/07/24 11:20:37 AM	
979	800	8	1	02/07/24 11:20:38 AM	
980	800	7	1	02/07/24 11:20:40 AM	
981	800	11	1	02/07/24 11:20:41 AM	
982	800	10	1	02/07/24 11:20:42 AM	
983	800	10	1	02/07/24 11:20:43 AM	
984	800	11	1	02/07/24 11:20:44 AM	
985	800	6	1	02/07/24 11:20:46 AM	
986	800	12	1	02/07/24 11:20:47 AM	
987	800	8	1	02/07/24 11:20:48 AM	
988	800	10	1	02/07/24 11:20:49 AM	
989	800	11	1	02/07/24 11:20:50 AM	
990	800	17	1	02/07/24 11:20:51 AM	
991	800	13	1	02/07/24 11:20:52 AM	
992	800	12	1	02/07/24 11:20:54 AM	
993	800	11	1	02/07/24 11:20:55 AM	
994	800	9	1	02/07/24 11:20:56 AM	
995	800	10	1	02/07/24 11:20:57 AM	
996	800	12	1	02/07/24 11:20:58 AM	
997	800	13	1	02/07/24 11:20:59 AM	
998	800	10	1	02/07/24 11:21:01 AM	
999	800	11	1	02/07/24 11:21:02 AM	
1000	800	19	1	02/07/24 11:21:03 AM	
1001	800	11	1	02/07/24 11:21:04 AM	
1002	800	9	1	02/07/24 11:21:05 AM	
1003	800	9	1	02/07/24 11:21:06 AM	
1004	800	12	1	02/07/24 11:21:08 AM	
1005	800	12	1	02/07/24 11:21:09 AM	
1006	800	20	1	02/07/24 11:21:10 AM	
1007	800	13	1	02/07/24 11:21:11 AM	
1008	800	13	1	02/07/24 11:21:12 AM	
1009	800	11	1	02/07/24 11:21:13 AM	
1010	800	10	1	02/07/24 11:21:14 AM	
1011	800	13	1	02/07/24 11:21:15 AM	
1012	800	11	1	02/07/24 11:21:17 AM	
1013	800	10	1	02/07/24 11:21:18 AM	
1014	800	12	1	02/07/24 11:21:19 AM	
1015	800	8	1	02/07/24 11:21:20 AM	
1016	800	8	1	02/07/24 11:21:21 AM	
1017	800	8	1	02/07/24 11:21:22 AM	
1018	800	11	1	02/07/24 11:21:23 AM	
1019	800	8	1	02/07/24 11:21:25 AM	
1020	800	12	1	02/07/24 11:21:26 AM	
1021	800	15	1	02/07/24 11:21:27 AM	
1022	800	5	1	02/07/24 11:21:28 AM	
1023	800	11	1	02/07/24 11:21:29 AM	
1024	800	10	1	02/07/24 11:21:30 AM	
1025	800	11	1	02/07/24 11:21:31 AM	
1026	800	17	1	02/07/24 11:21:32 AM	
1027	800	15	1	02/07/24 11:21:34 AM	
1028	800	14	1	02/07/24 11:21:35 AM	
1029	800	14	1	02/07/24 11:21:36 AM	
1030	800	14	1	02/07/24 11:21:37 AM	
1031	800	12	1	02/07/24 11:21:38 AM	
1032	800	18	1	02/07/24 11:21:39 AM	
1033	800	11	1	02/07/24 11:21:40 AM	
1034	800	15	1	02/07/24 11:21:42 AM	
1035	800	7	1	02/07/24 11:21:43 AM	
1036	800	6	1	02/07/24 11:21:44 AM	
1037	800	12	1	02/07/24 11:21:45 AM	
1038	800	11	1	02/07/24 11:21:46 AM	
1039	800	11	1	02/07/24 11:21:47 AM	
1040	800	7	1	02/07/24 11:21:49 AM	
1041	800	11	1	02/07/24 11:21:50 AM	
1042	800	11	1	02/07/24 11:21:51 AM	
1043	800	13	1	02/07/24 11:21:52 AM	
1044	800	11	1	02/07/24 11:21:53 AM	
1045	800	6	1	02/07/24 11:21:54 AM	
1046	800	14	1	02/07/24 11:21:55 AM	
1047	800	8	1	02/07/24 11:21:57 AM	
1048	800	7	1	02/07/24 11:21:58 AM	
1049	800	10	1	02/07/24 11:21:59 AM	
1050	800	14	1	02/07/24 11:22:00 AM	
1051	800	14	1	02/07/24 11:22:01 AM	
1052	800	8	1	02/07/24 11:22:02 AM	
1053	800	13	1	02/07/24 11:22:03 AM	
1054	800	11	1	02/07/24 11:22:05 AM	
1055	800	9	1	02/07/24 11:22:06 AM	
1056	800	10	1	02/07/24 11:22:07 AM	
1057	800	14	1	02/07/24 11:22:08 AM	
1058	800	12	1	02/07/24 11:22:09 AM	
1059	800	13	1	02/07/24 11:22:10 AM	
1060	800	14	1	02/07/24 11:22:11 AM	
1061	800	11	1	02/07/24 11:22:12 AM	
1062	800	11	1	02/07/24 11:22:14 AM	
1063	800	20	1	02/07/24 11:22:15 AM	
1064	800	11	1	02/07/24 11:22:16 AM	
1065	800	7	1	02/07/24 11:22:17 AM	
1066	800	7	1	02/07/24 11:22:18 AM	
1067	800	12	1	02/07/24 11:22:19 AM	
1068	800	11	1	02/07/24 11:22:20 AM	
1069	800	12	1	02/07/24 11:22:22 AM	
1070	800	6	1	02/07/24 11:22:23 AM	
1071	800	10	1	02/07/24 11:22:24 AM	
1072	800	12	1	02/07/24 11:22:25 AM	
1073	800	13	1	02/07/24 11:22:26 AM	
1074	800	5	1	02/07/24 11:22:27 AM	
1075	800	9	1	02/07/24 11:22:28 AM	
1076	800	17	1	02/07/24 11:22:30 AM	
1077	800	14	1	02/07/24 11:22:31 AM	
1078	800	10	1	02/07/24 11:22:32 AM	
1079	800	10	1	02/07/24 11:22:33 AM	
1080	800	8	1	02/07/24 11:22:34 AM	
1081	800	6	1	02/07/24 11:22:35 AM	
1082	800	6	1	02/07/24 11:22:36 AM	
1083	800	8	1	02/07/24 11:22:38 AM	
1084	800	12	1	02/07/24 11:22:39 AM	
1085	800	16	1	02/07/24 11:22:40 AM	
1086	800	6	1	02/07/24 11:22:41 AM	
1087	800	9	1	02/07/24 11:22:42 AM	
1088	800	12	1	02/07/24 11:22:43 AM	
1089	800	9	1	02/07/24 11:22:45 AM	
1090	800	8	1	02/07/24 11:22:46 AM	
1091	800	15	1	02/07/24 11:22:47 AM	
1092	800	6	1	02/07/24 11:22:48 AM	
1093	800	11	1	02/07/24 11:22:49 AM	
1094	800	14	1	02/07/24 11:22:50 AM	
1095	800	10	1	02/07/24 11:22:51 AM	
1096	800	8	1	02/07/24 11:22:53 AM	
1097	800	12	1	02/07/24 11:22:54 AM	
1098	800	10	1	02/07/24 11:22:55 AM	
1099	800	12	1	02/07/24 11:22:56 AM	
1100	800	8	1	02/07/24 11:22:57 AM	
1101	800	14	1	02/07/24 11:22:58 AM	
1102	800	14	1	02/07/24 11:23:00 AM	
1103	800	9	1	02/07/24 11:23:01 AM	
1104	800	14	1	02/07/24 11:23:02 AM	
1105	800	11	1	02/07/24 11:23:03 AM	
1106	800	11	1	02/07/24 11:23:04 AM	
1107	800	15	1	02/07/24 11:23:05 AM	
1108	800	12	1	02/07/24 11:23:07 AM	
1109	800	9	1	02/07/24 11:23:08 AM	
1110	800	8	1	02/07/24 11:23:09 AM	
1111	800	9	1	02/07/24 11:23:10 AM	
1112	800	10	1	02/07/24 11:23:11 AM	
1113	800	10	1	02/07/24 11:23:12 AM	
1114	800	18	1	02/07/24 11:23:13 AM	
1115	800	8	1	02/07/24 11:23:15 AM	
1116	800	15	1	02/07/24 11:23:16 AM	
1117	800	10	1	02/07/24 11:23:17 AM	
1118	800	13	1	02/07/24 11:23:18 AM	
1119	800	11	1	02/07/24 11:23:19 AM	
1120	800	12	1	02/07/24 11:23:20 AM	
1121	800	7	1	02/07/24 11:23:22 AM	
1122	800	13	1	02/07/24 11:23:23 AM	
1123	800	13	1	02/07/24 11:23:24 AM	
1124	800	10	1	02/07/24 11:23:25 AM	
1125	800	7	1	02/07/24 11:23:26 AM	
1126	800	8	1	02/07/24 11:23:27 AM	
1127	800	7	1	02/07/24 11:23:28 AM	
1128	800	8	1	02/07/24 11:23:30 AM	
1129	800	7	1	02/07/24 11:23:31 AM	
1130	800	7	1	02/07/24 11:23:32 AM	
1131	800	10	1	02/07/24 11:23:33 AM	
1132	800	13	1	02/07/24 11:23:34 AM	
1133	800	9	1	02/07/24 11:23:35 AM	
1134	800	8	1	02/07/24 11:23:37 AM	
1135	800	8	1	02/07/24 11:23:38 AM	
1136	800	17	1	02/07/24 11:23:39 AM	
1137	800	13	1	02/07/24 11:23:40 AM	
1138	800	18	1	02/07/24 11:23:41 AM	
1139	800	13	1	02/07/24 11:23:43 AM	
1140	800	7	1	02/07/24 11:23:44 AM	
1141	800	9	1	02/07/24 11:23:45 AM	
1142	800	11	1	02/07/24 11:23:46 AM	
1143	800	8	1	02/07/24 11:23:47 AM	
1144	800	11	1	02/07/24 11:23:48 AM	
1145	800	7	1	02/07/24 11:23:49 AM	
1146	800	11	1	02/07/24 11:23:51 AM	
1147	800	17	1	02/07/24 11:23:52 AM	
1148	800	4	1	02/07/24 11:23:53 AM	
1149	800	6	1	02/07/24 11:23:54 AM	
1150	800	15	1	02/07/24 11:23:55 AM	
1151	800	8	1	02/07/24 11:23:56 AM	
1152	800	13	1	02/07/24 11:23:57 AM	
1153	800	12	1	02/07/24 11:23:59 AM	
1154	800	6	1	02/07/24 11:24:00 AM	
1155	800	12	1	02/07/24 11:24:01 AM	
1156	800	13	1	02/07/24 11:24:02 AM	
1157	800	9	1	02/07/24 11:24:03 AM	
1158	800	7	1	02/07/24 11:24:04 AM	
1159	800	18	1	02/07/24 11:24:06 AM	
1160	800	6	1	02/07/24 11:24:07 AM	
1161	800	11	1	02/07/24 11:24:08 AM	
1162	800	4	1	02/07/24 11:24:09 AM	
1163	800	13	1	02/07/24 11:24:10 AM	
1164	800	6	1	02/07/24 11:24:11 AM	
1165	800	12	1	02/07/24 11:24:12 AM	
1166	800	13	1	02/07/24 11:24:14 AM	
1167	800	10	1	02/07/24 11:24:15 AM	
1168	800	8	1	02/07/24 11:24:16 AM	
1169	800	6	1	02/07/24 11:24:17 AM	
1170	800	8	1	02/07/24 11:24:18 AM	
1171	800	14	1	02/07/24 11:24:19 AM	
1172	800	11	1	02/07/24 11:24:21 AM	
1173	800	14	1	02/07/24 11:24:22 AM	
1174	800	7	1	02/07/24 11:24:23 AM	
1175	800	13	1	02/07/24 11:24:24 AM	
1176	800	10	1	02/07/24 11:24:25 AM	
1177	800	15	1	02/07/24 11:24:26 AM	
1178	800	13	1	02/07/24 11:24:27 AM	
1179	800	11	1	02/07/24 11:24:29 AM	
1180	800	11	1	02/07/24 11:24:30 AM	
1181	800	14	1	02/07/24 11:24:31 AM	
1182	800	6	1	02/07/24 11:24:32 AM	
1183	800	5	1	02/07/24 11:24:33 AM	
1184	800	11	1	02/07/24 11:24:34 AM	
1185	800	8	1	02/07/24 11:24:36 AM	
1186	800	18	1	02/07/24 11:24:37 AM	
1187	800	13	1	02/07/24 11:24:38 AM	
1188	800	8	1	02/07/24 11:24:39 AM	
1189	800	8	1	02/07/24 11:24:40 AM	
1190	800	9	1	02/07/24 11:24:41 AM	
1191	800	13	1	02/07/24 11:24:42 AM	
1192	800	10	1	02/07/24 11:24:44 AM	
1193	800	13	1	02/07/24 11:24:45 AM	
1194	800	9	1	02/07/24 11:24:46 AM	
1195	800	11	1	02/07/24 11:24:47 AM	
1196	800	12	1	02/07/24 11:24:48 AM	
1197	800	12	1	02/07/24 11:24:49 AM	
1198	800	6	1	02/07/24 11:24:50 AM	
1199	800	11	1	02/07/24 11:24:52 AM	
1200	800	14	1	02/07/24 11:24:53 AM	
1201	800	8	1	02/07/24 11:24:54 AM	
1202	800	17	1	02/07/24 11:24:55 AM	
1203	800	14	1	02/07/24 11:24:56 AM	
1204	800	12	1	02/07/24 11:24:57 AM	
1205	800	9	1	02/07/24 11:24:58 AM	
1206	800	11	1	02/07/24 11:25:00 AM	
1207	800	8	1	02/07/24 11:25:01 AM	
1208	800	11	1	02/07/24 11:25:02 AM	
1209	800	9	1	02/07/24 11:25:03 AM	
1210	800	9	1	02/07/24 11:25:04 AM	
1211	800	10	1	02/07/24 11:25:05 AM	
1212	800	7	1	02/07/24 11:25:06 AM	
1213	800	9	1	02/07/24 11:25:08 AM	
1214	800	8	1	02/07/24 11:25:09 AM	
1215	800	12	1	02/07/24 11:25:10 AM	
1216	800	17	1	02/07/24 11:25:11 AM	
1217	800	11	1	02/07/24 11:25:12 AM	
1218	800	6	1	02/07/24 11:25:13 AM	
1219	800	8	1	02/07/24 11:25:15 AM	
1220	800	16	1	02/07/24 11:25:16 AM	
1221	800	9	1	02/07/24 11:25:17 AM	
1222	800	10	1	02/07/24 11:25:18 AM	
1223	800	15	1	02/07/24 11:25:19 AM	
1224	800	12	1	02/07/24 11:25:20 AM	
1225	800	12	1	02/07/24 11:25:21 AM	
1226	800	16	1	02/07/24 11:25:23 AM	
1227	800	1	1	02/07/24 11:25:24 AM	
1228	800	9	1	02/07/24 11:25:25 AM	
1229	800	8	1	02/07/24 11:25:26 AM	
1230	800	16	1	02/07/24 11:25:27 AM	
1231	800	9	1	02/07/24 11:25:28 AM	
1232	800	11	1	02/07/24 11:25:29 AM	
1233	800	10	1	02/07/24 11:25:31 AM	
1234	800	11	1	02/07/24 11:25:32 AM	
1235	800	14	1	02/07/24 11:25:33 AM	
1236	800	11	1	02/07/24 11:25:34 AM	
1237	800	16	1	02/07/24 11:25:35 AM	
1238	800	14	1	02/07/24 11:25:37 AM	
1239	800	10	1	02/07/24 11:25:38 AM	
1240	800	7	1	02/07/24 11:25:39 AM	
1241	800	11	1	02/07/24 11:25:40 AM	
1242	800	10	1	02/07/24 11:25:41 AM	
1243	800	13	1	02/07/24 11:25:42 AM	
1244	800	13	1	02/07/24 11:25:43 AM	
1245	800	17	1	02/07/24 11:25:44 AM	
1246	800	12	1	02/07/24 11:25:46 AM	
1247	800	7	1	02/07/24 11:25:47 AM	
1248	800	10	1	02/07/24 11:25:48 AM	
1249	800	8	1	02/07/24 11:25:49 AM	
1250	800	10	1	02/07/24 11:25:50 AM	
1251	800	9	1	02/07/24 11:25:51 AM	
1252	800	7	1	02/07/24 11:25:53 AM	
1253	800	13	1	02/07/24 11:25:54 AM	
1254	800	10	1	02/07/24 11:25:55 AM	
1255	800	9	1	02/07/24 11:25:56 AM	
1256	800	13	1	02/07/24 11:25:57 AM	
1257	800	11	1	02/07/24 11:25:58 AM	
1258	800	20	1	02/07/24 11:25:59 AM	
1259	800	16	1	02/07/24 11:26:01 AM	
1260	800	14	1	02/07/24 11:26:02 AM	
1261	800	13	1	02/07/24 11:26:03 AM	
1262	800	15	1	02/07/24 11:26:04 AM	
1263	800	11	1	02/07/24 11:26:05 AM	
1264	800	13	1	02/07/24 11:26:06 AM	
1265	800	13	1	02/07/24 11:26:07 AM	
1266	800	11	1	02/07/24 11:26:09 AM	
1267	800	8	1	02/07/24 11:26:10 AM	
1268	800	12	1	02/07/24 11:26:11 AM	
1269	800	16	1	02/07/24 11:26:12 AM	
1270	800	20	1	02/07/24 11:26:13 AM	
1271	800	11	1	02/07/24 11:26:14 AM	
1272	800	9	1	02/07/24 11:26:15 AM	
1273	800	9	1	02/07/24 11:26:17 AM	
1274	800	11	1	02/07/24 11:26:18 AM	
1275	800	8	1	02/07/24 11:26:19 AM	
1276	800	8	1	02/07/24 11:26:20 AM	
1277	800	18	1	02/07/24 11:26:21 AM	
1278	800	16	1	02/07/24 11:26:22 AM	
1279	800	7	1	02/07/24 11:26:24 AM	
1280	800	9	1	02/07/24 11:26:25 AM	
1281	800	12	1	02/07/24 11:26:26 AM	
1282	800	13	1	02/07/24 11:26:27 AM	
1283	800	6	1	02/07/24 11:26:28 AM	
1284	800	15	1	02/07/24 11:26:30 AM	
1285	800	8	1	02/07/24 11:26:31 AM	
1286	800	13	1	02/07/24 11:26:32 AM	
1287	800	8	1	02/07/24 11:26:33 AM	
1288	800	15	1	02/07/24 11:26:34 AM	
1289	800	13	1	02/07/24 11:26:35 AM	
1290	800	13	1	02/07/24 11:26:37 AM	
1291	800	11	1	02/07/24 11:26:38 AM	
1292	800	12	1	02/07/24 11:26:39 AM	
1293	800	12	1	02/07/24 11:26:40 AM	
1294	800	11	1	02/07/24 11:26:41 AM	
1295	800	10	1	02/07/24 11:26:42 AM	
1296	800	8	1	02/07/24 11:26:43 AM	
1297	800	5	1	02/07/24 11:26:44 AM	
1298	800	9	1	02/07/24 11:26:46 AM	
1299	800	10	1	02/07/24 11:26:47 AM	
1300	800	14	1	02/07/24 11:26:48 AM	
1301	800	9	1	02/07/24 11:26:49 AM	
1302	800	6	1	02/07/24 11:26:50 AM	
1303	800	13	1	02/07/24 11:26:51 AM	
1304	800	13	1	02/07/24 11:26:53 AM	
1305	800	13	1	02/07/24 11:26:54 AM	
1306	800	10	1	02/07/24 11:26:55 AM	
1307	800	9	1	02/07/24 11:26:56 AM	
1308	800	13	1	02/07/24 11:26:57 AM	
1309	800	11	1	02/07/24 11:26:58 AM	
1310	800	12	1	02/07/24 11:26:59 AM	
1311	800	14	1	02/07/24 11:27:01 AM	
1312	800	13	1	02/07/24 11:27:02 AM	
1313	800	12	1	02/07/24 11:27:03 AM	
1314	800	8	1	02/07/24 11:27:04 AM	
1315	800	11	1	02/07/24 11:27:05 AM	
1316	800	10	1	02/07/24 11:27:06 AM	
1317	800	9	1	02/07/24 11:27:07 AM	
1318	800	6	1	02/07/24 11:27:09 AM	
1319	800	8	1	02/07/24 11:27:10 AM	
1320	800	5	1	02/07/24 11:27:11 AM	
1321	800	11	1	02/07/24 11:27:12 AM	
1322	800	15	1	02/07/24 11:27:13 AM	
1323	800	12	1	02/07/24 11:27:14 AM	
1324	800	8	1	02/07/24 11:27:16 AM	
1325	800	11	1	02/07/24 11:27:17 AM	
1326	800	12	1	02/07/24 11:27:18 AM	
1327	800	12	1	02/07/24 11:27:19 AM	
1328	800	8	1	02/07/24 11:27:20 AM	
1329	800	9	1	02/07/24 11:27:21 AM	
1330	800	11	1	02/07/24 11:27:22 AM	
1331	800	9	1	02/07/24 11:27:24 AM	
1332	800	7	1	02/07/24 11:27:25 AM	
1333	800	13	1	02/07/24 11:27:26 AM	
1334	800	9	1	02/07/24 11:27:27 AM	
1335	800	13	1	02/07/24 11:27:28 AM	
1336	800	7	1	02/07/24 11:27:29 AM	
1337	800	14	1	02/07/24 11:27:31 AM	
1338	800	13	1	02/07/24 11:27:32 AM	
1339	800	10	1	02/07/24 11:27:33 AM	
1340	800	13	1	02/07/24 11:27:34 AM	
1341	800	7	1	02/07/24 11:27:35 AM	
1342	800	6	1	02/07/24 11:27:36 AM	
1343	800	9	1	02/07/24 11:27:38 AM	
1344	800	13	1	02/07/24 11:27:39 AM	
1345	800	10	1	02/07/24 11:27:40 AM	
1346	800	5	1	02/07/24 11:27:41 AM	
1347	800	2	1	02/07/24 11:27:42 AM	
1348	800	10	1	02/07/24 11:27:43 AM	
1349	800	7	1	02/07/24 11:27:45 AM	
1350	800	8	1	02/07/24 11:27:46 AM	
1351	800	8	1	02/07/24 11:27:47 AM	
1352	800	9	1	02/07/24 11:27:48 AM	
1353	800	8	1	02/07/24 11:27:49 AM	
1354	800	6	1	02/07/24 11:27:50 AM	
1355	800	14	1	02/07/24 11:27:52 AM	
1356	800	12	1	02/07/24 11:27:53 AM	
1357	800	15	1	02/07/24 11:27:54 AM	
1358	800	7	1	02/07/24 11:27:55 AM	
1359	800	11	1	02/07/24 11:27:56 AM	
1360	800	9	1	02/07/24 11:27:57 AM	
1361	800	17	1	02/07/24 11:27:59 AM	
1362	800	10	1	02/07/24 11:28:00 AM	
1363	800	12	1	02/07/24 11:28:01 AM	
1364	800	9	1	02/07/24 11:28:02 AM	
1365	800	10	1	02/07/24 11:28:03 AM	
1366	800	11	1	02/07/24 11:28:04 AM	
1367	800	13	1	02/07/24 11:28:05 AM	
1368	800	14	1	02/07/24 11:28:07 AM	
1369	800	11	1	02/07/24 11:28:08 AM	
1370	800	7	1	02/07/24 11:28:09 AM	
1371	800	10	1	02/07/24 11:28:10 AM	
1372	800	14	1	02/07/24 11:28:11 AM	
1373	800	14	1	02/07/24 11:28:12 AM	
1374	800	14	1	02/07/24 11:28:13 AM	
1375	800	13	1	02/07/24 11:28:15 AM	
1376	800	10	1	02/07/24 11:28:16 AM	
1377	800	10	1	02/07/24 11:28:17 AM	
1378	800	9	1	02/07/24 11:28:18 AM	
1379	800	12	1	02/07/24 11:28:19 AM	
1380	800	7	1	02/07/24 11:28:20 AM	
1381	800	13	1	02/07/24 11:28:21 AM	
1382	800	7	1	02/07/24 11:28:23 AM	
1383	800	10	1	02/07/24 11:28:24 AM	
1384	800	9	1	02/07/24 11:28:25 AM	
1385	800	15	1	02/07/24 11:28:26 AM	
1386	800	6	1	02/07/24 11:28:27 AM	
1387	800	11	1	02/07/24 11:28:28 AM	
1388	800	11	1	02/07/24 11:28:29 AM	
1389	800	10	1	02/07/24 11:28:31 AM	
1390	800	5	1	02/07/24 11:28:32 AM	
1391	800	10	1	02/07/24 11:28:33 AM	
1392	800	11	1	02/07/24 11:28:34 AM	
1393	800	8	1	02/07/24 11:28:35 AM	
1394	800	7	1	02/07/24 11:28:37 AM	
1395	800	19	1	02/07/24 11:28:38 AM	
1396	800	11	1	02/07/24 11:28:39 AM	
1397	800	10	1	02/07/24 11:28:40 AM	
1398	800	13	1	02/07/24 11:28:41 AM	
1399	800	8	1	02/07/24 11:28:42 AM	
1400	800	7	1	02/07/24 11:28:44 AM	
1401	800	15	1	02/07/24 11:28:45 AM	
1402	800	10	1	02/07/24 11:28:46 AM	
1403	800	11	1	02/07/24 11:28:47 AM	
1404	800	8	1	02/07/24 11:28:48 AM	
1405	800	14	1	02/07/24 11:28:49 AM	
1406	800	13	1	02/07/24 11:28:50 AM	
1407	800	11	1	02/07/24 11:28:52 AM	
1408	800	14	1	02/07/24 11:28:53 AM	
1409	800	17	1	02/07/24 11:28:54 AM	
1410	800	9	1	02/07/24 11:28:55 AM	
1411	800	7	1	02/07/24 11:28:56 AM	
1412	800	13	1	02/07/24 11:28:57 AM	
1413	800	13	1	02/07/24 11:28:59 AM	
1414	800	5	1	02/07/24 11:29:00 AM	
1415	800	12	1	02/07/24 11:29:01 AM	
1416	800	11	1	02/07/24 11:29:02 AM	
1417	800	20	1	02/07/24 11:29:03 AM	
1418	800	17	1	02/07/24 11:29:04 AM	
1419	800	16	1	02/07/24 11:29:06 AM	
1420	800	9	1	02/07/24 11:29:07 AM	
1421	800	12	1	02/07/24 11:29:08 AM	
1422	800	10	1	02/07/24 11:29:09 AM	
1423	800	10	1	02/07/24 11:29:10 AM	
1424	800	14	1	02/07/24 11:29:11 AM	
1425	800	8	1	02/07/24 11:29:13 AM	
1426	800	8	1	02/07/24 11:29:14 AM	
1427	800	13	1	02/07/24 11:29:15 AM	
1428	800	7	1	02/07/24 11:29:16 AM	
1429	800	10	1	02/07/24 11:29:17 AM	
1430	800	9	1	02/07/24 11:29:18 AM	
1431	800	9	1	02/07/24 11:29:20 AM	
1432	800	12	1	02/07/24 11:29:21 AM	
1433	800	5	1	02/07/24 11:29:22 AM	
1434	800	6	1	02/07/24 11:29:23 AM	
1435	800	12	1	02/07/24 11:29:24 AM	
1436	800	7	1	02/07/24 11:29:25 AM	
1437	800	12	1	02/07/24 11:29:26 AM	
1438	800	10	1	02/07/24 11:29:28 AM	
1439	800	18	1	02/07/24 11:29:29 AM	
1440	800	6	1	02/07/24 11:29:30 AM	
1441	800	10	1	02/07/24 11:29:31 AM	
1442	800	13	1	02/07/24 11:29:32 AM	
1443	800	7	1	02/07/24 11:29:33 AM	
1444	800	11	1	02/07/24 11:29:34 AM	
1445	800	11	1	02/07/24 11:29:36 AM	
1446	800	16	1	02/07/24 11:29:37 AM	
1447	800	14	1	02/07/24 11:29:38 AM	
1448	800	15	1	02/07/24 11:29:39 AM	
1449	800	14	1	02/07/24 11:29:40 AM	
1450	800	10	1	02/07/24 11:29:41 AM	
1451	800	11	1	02/07/24 11:29:42 AM	
1452	800	12	1	02/07/24 11:29:44 AM	
1453	800	8	1	02/07/24 11:29:45 AM	
1454	800	15	1	02/07/24 11:29:46 AM	
1455	800	16	1	02/07/24 11:29:47 AM	
1456	800	12	1	02/07/24 11:29:48 AM	
1457	800	14	1	02/07/24 11:29:49 AM	
1458	800	18	1	02/07/24 11:29:50 AM	
1459	800	8	1	02/07/24 11:29:52 AM	
1460	800	11	1	02/07/24 11:29:53 AM	
1461	800	9	1	02/07/24 11:29:54 AM	
1462	800	10	1	02/07/24 11:29:55 AM	
1463	800	7	1	02/07/24 11:29:56 AM	
1464	800	12	1	02/07/24 11:29:57 AM	
1465	800	10	1	02/07/24 11:29:59 AM	
1466	800	12	1	02/07/24 11:30:00 AM	
1467	800	7	1	02/07/24 11:30:01 AM	
1468	800	9	1	02/07/24 11:30:02 AM	
1469	800	11	1	02/07/24 11:30:03 AM	
1470	800	14	1	02/07/24 11:30:04 AM	
1471	800	15	1	02/07/24 11:30:06 AM	
1472	800	14	1	02/07/24 11:30:07 AM	
1473	800	14	1	02/07/24 11:30:08 AM	
1474	800	16	1	02/07/24 11:30:09 AM	
1475	800	11	1	02/07/24 11:30:10 AM	
1476	800	16	1	02/07/24 11:30:11 AM	
1477	800	7	1	02/07/24 11:30:12 AM	
1478	800	16	1	02/07/24 11:30:14 AM	
1479	800	12	1	02/07/24 11:30:15 AM	
1480	800	6	1	02/07/24 11:30:16 AM	
1481	800	7	1	02/07/24 11:30:17 AM	
1482	800	7	1	02/07/24 11:30:18 AM	
1483	800	10	1	02/07/24 11:30:19 AM	
1484	800	6	1	02/07/24 11:30:20 AM	
1485	800	11	1	02/07/24 11:30:22 AM	
1486	800	11	1	02/07/24 11:30:23 AM	
1487	800	5	1	02/07/24 11:30:24 AM	
1488	800	12	1	02/07/24 11:30:25 AM	
1489	800	9	1	02/07/24 11:30:26 AM	
1490	800	14	1	02/07/24 11:30:27 AM	
1491	800	8	1	02/07/24 11:30:29 AM	
1492	800	8	1	02/07/24 11:30:30 AM	
1493	800	14	1	02/07/24 11:30:31 AM	
1494	800	5	1	02/07/24 11:30:32 AM	
1495	800	14	1	02/07/24 11:30:33 AM	
1496	800	14	1	02/07/24 11:30:34 AM	
1497	800	8	1	02/07/24 11:30:35 AM	
1498	800	11	1	02/07/24 11:30:37 AM	
1499	800	14	1	02/07/24 11:30:38 AM	
1500	800	15	1	02/07/24 11:30:39 AM	
1501	800	7	1	02/07/24 11:30:40 AM	
1502	800	15	1	02/07/24 11:30:41 AM	
1503	800	14	1	02/07/24 11:30:42 AM	
1504	800	11	1	02/07/24 11:30:44 AM	
1505	800	15	1	02/07/24 11:30:45 AM	
1506	800	13	1	02/07/24 11:30:46 AM	
1507	800	11	1	02/07/24 11:30:47 AM	
1508	800	8	1	02/07/24 11:30:48 AM	
1509	800	14	1	02/07/24 11:30:49 AM	
1510	800	18	1	02/07/24 11:30:50 AM	
1511	800	9	1	02/07/24 11:30:52 AM	
1512	800	8	1	02/07/24 11:30:53 AM	
1513	800	6	1	02/07/24 11:30:54 AM	
1514	800	6	1	02/07/24 11:30:55 AM	
1515	800	15	1	02/07/24 11:30:56 AM	
1516	800	14	1	02/07/24 11:30:57 AM	
1517	800	11	1	02/07/24 11:30:58 AM	
1518	800	10	1	02/07/24 11:31:00 AM	
1519	800	14	1	02/07/24 11:31:01 AM	
1520	800	10	1	02/07/24 11:31:02 AM	
1521	800	12	1	02/07/24 11:31:03 AM	
1522	800	5	1	02/07/24 11:31:04 AM	
1523	800	7	1	02/07/24 11:31:05 AM	
1524	800	10	1	02/07/24 11:31:06 AM	
1525	800	5	1	02/07/24 11:31:07 AM	
1526	800	15	1	02/07/24 11:31:09 AM	
1527	800	16	1	02/07/24 11:31:10 AM	
1528	800	10	1	02/07/24 11:31:11 AM	
1529	800	11	1	02/07/24 11:31:12 AM	
1530	800	12	1	02/07/24 11:31:13 AM	
1531	800	9	1	02/07/24 11:31:14 AM	
1532	800	9	1	02/07/24 11:31:16 AM	
1533	800	11	1	02/07/24 11:31:17 AM	
1534	800	13	1	02/07/24 11:31:18 AM	
1535	800	8	1	02/07/24 11:31:19 AM	
1536	800	10	1	02/07/24 11:31:20 AM	
1537	800	11	1	02/07/24 11:31:21 AM	
1538	800	7	1	02/07/24 11:31:23 AM	
1539	800	14	1	02/07/24 11:31:24 AM	
1540	800	11	1	02/07/24 11:31:25 AM	
1541	800	7	1	02/07/24 11:31:26 AM	
1542	800	11	1	02/07/24 11:31:27 AM	
1543	800	12	1	02/07/24 11:31:28 AM	
1544	800	8	1	02/07/24 11:31:29 AM	
1545	800	8	1	02/07/24 11:31:31 AM	
1546	800	11	1	02/07/24 11:31:32 AM	
1547	800	16	1	02/07/24 11:31:33 AM	
1548	800	6	1	02/07/24 11:31:34 AM	
1549	800	8	1	02/07/24 11:31:35 AM	
1550	800	10	1	02/07/24 11:31:36 AM	
1551	800	12	1	02/07/24 11:31:38 AM	
1552	800	16	1	02/07/24 11:31:39 AM	
1553	800	16	1	02/07/24 11:31:40 AM	
1554	800	8	1	02/07/24 11:31:41 AM	
1555	800	14	1	02/07/24 11:31:42 AM	
1556	800	14	1	02/07/24 11:31:43 AM	
1557	800	5	1	02/07/24 11:31:44 AM	
1558	800	8	1	02/07/24 11:31:46 AM	
1559	800	12	1	02/07/24 11:31:47 AM	
1560	800	17	1	02/07/24 11:31:48 AM	
1561	800	15	1	02/07/24 11:31:49 AM	
1562	800	14	1	02/07/24 11:31:50 AM	
1563	800	9	1	02/07/24 11:31:51 AM	
1564	800	16	1	02/07/24 11:31:53 AM	
1565	800	6	1	02/07/24 11:31:54 AM	
1566	800	11	1	02/07/24 11:31:55 AM	
1567	800	10	1	02/07/24 11:31:56 AM	
1568	800	12	1	02/07/24 11:31:57 AM	
1569	800	11	1	02/07/24 11:31:58 AM	
1570	800	9	1	02/07/24 11:32:00 AM	
1571	800	10	1	02/07/24 11:32:01 AM	
1572	800	7	1	02/07/24 11:32:02 AM	
1573	800	11	1	02/07/24 11:32:03 AM	
1574	800	13	1	02/07/24 11:32:04 AM	
1575	800	11	1	02/07/24 11:32:05 AM	
1576	800	10	1	02/07/24 11:32:06 AM	
1577	800	13	1	02/07/24 11:32:08 AM	
1578	800	11	1	02/07/24 11:32:09 AM	
1579	800	11	1	02/07/24 11:32:10 AM	
1580	800	5	1	02/07/24 11:32:11 AM	
1581	800	4	1	02/07/24 11:32:12 AM	
1582	800	15	1	02/07/24 11:32:13 AM	
1583	800	15	1	02/07/24 11:32:15 AM	
1584	800	12	1	02/07/24 11:32:16 AM	
1585	800	19	1	02/07/24 11:32:17 AM	
1586	800	12	1	02/07/24 11:32:18 AM	
1587	800	11	1	02/07/24 11:32:19 AM	
1588	800	6	1	02/07/24 11:32:20 AM	
1589	800	16	1	02/07/24 11:32:21 AM	
1590	800	9	1	02/07/24 11:32:23 AM	
1591	800	8	1	02/07/24 11:32:24 AM	
1592	800	10	1	02/07/24 11:32:25 AM	
1593	800	10	1	02/07/24 11:32:26 AM	
1594	800	10	1	02/07/24 11:32:27 AM	
1595	800	14	1	02/07/24 11:32:28 AM	
1596	800	10	1	02/07/24 11:32:29 AM	
1597	800	15	1	02/07/24 11:32:31 AM	
1598	800	12	1	02/07/24 11:32:32 AM	
1599	800	6	1	02/07/24 11:32:33 AM	
1600	800	16	1	02/07/24 11:32:34 AM	
1601	800	16	1	02/07/24 11:32:35 AM	
1602	800	14	1	02/07/24 11:32:36 AM	
1603	800	14	1	02/07/24 11:32:38 AM	
1604	800	11	1	02/07/24 11:32:39 AM	
1605	800	15	1	02/07/24 11:32:40 AM	
1606	800	10	1	02/07/24 11:32:41 AM	
1607	800	11	1	02/07/24 11:32:42 AM	
1608	800	10	1	02/07/24 11:32:43 AM	
1609	800	10	1	02/07/24 11:32:44 AM	
1610	800	16	1	02/07/24 11:32:46 AM	
1611	800	13	1	02/07/24 11:32:47 AM	
1612	800	13	1	02/07/24 11:32:48 AM	
1613	800	8	1	02/07/24 11:32:49 AM	
1614	800	7	1	02/07/24 11:32:50 AM	
1615	800	9	1	02/07/24 11:32:51 AM	
1616	800	13	1	02/07/24 11:32:53 AM	
1617	800	10	1	02/07/24 11:32:54 AM	
1618	800	9	1	02/07/24 11:32:55 AM	
1619	800	12	1	02/07/24 11:32:56 AM	
1620	800	9	1	02/07/24 11:32:57 AM	
1621	800	11	1	02/07/24 11:32:58 AM	
1622	800	15	1	02/07/24 11:32:59 AM	
1623	800	10	1	02/07/24 11:33:01 AM	
1624	800	8	1	02/07/24 11:33:02 AM	
1625	800	15	1	02/07/24 11:33:03 AM	
1626	800	7	1	02/07/24 11:33:04 AM	
1627	800	13	1	02/07/24 11:33:05 AM	
1628	800	10	1	02/07/24 11:33:06 AM	
1629	800	8	1	02/07/24 11:33:07 AM	
1630	800	10	1	02/07/24 11:33:09 AM	
1631	800	9	1	02/07/24 11:33:10 AM	
1632	800	6	1	02/07/24 11:33:11 AM	
1633	800	11	1	02/07/24 11:33:12 AM	
1634	800	12	1	02/07/24 11:33:13 AM	
1635	800	15	1	02/07/24 11:33:15 AM	
1636	800	12	1	02/07/24 11:33:16 AM	
1637	800	10	1	02/07/24 11:33:17 AM	
1638	800	9	1	02/07/24 11:33:18 AM	
1639	800	17	1	02/07/24 11:33:19 AM	
1640	800	9	1	02/07/24 11:33:20 AM	
1641	800	7	1	02/07/24 11:33:21 AM	
1642	800	10	1	02/07/24 11:33:23 AM	
1643	800	11	1	02/07/24 11:33:24 AM	
1644	800	10	1	02/07/24 11:33:25 AM	
1645	800	13	1	02/07/24 11:33:26 AM	
1646	800	8	1	02/07/24 11:33:27 AM	
1647	800	13	1	02/07/24 11:33:28 AM	
1648	800	10	1	02/07/24 11:33:30 AM	
1649	800	10	1	02/07/24 11:33:31 AM	
1650	800	7	1	02/07/24 11:33:32 AM	
1651	800	11	1	02/07/24 11:33:33 AM	
1652	800	8	1	02/07/24 11:33:34 AM	
1653	800	10	1	02/07/24 11:33:35 AM	
1654	800	14	1	02/07/24 11:33:36 AM	
1655	800	7	1	02/07/24 11:33:38 AM	
1656	800	17	1	02/07/24 11:33:39 AM	
1657	800	7	1	02/07/24 11:33:40 AM	
1658	800	8	1	02/07/24 11:33:41 AM	
1659	800	14	1	02/07/24 11:33:42 AM	
1660	800	8	1	02/07/24 11:33:44 AM	
1661	800	13	1	02/07/24 11:33:45 AM	
1662	800	9	1	02/07/24 11:33:46 AM	
1663	800	17	1	02/07/24 11:33:47 AM	
1664	800	9	1	02/07/24 11:33:48 AM	
1665	800	13	1	02/07/24 11:33:50 AM	
1666	800	14	1	02/07/24 11:33:51 AM	
1667	800	13	1	02/07/24 11:33:52 AM	
1668	800	9	1	02/07/24 11:33:53 AM	
1669	800	16	1	02/07/24 11:33:54 AM	
1670	800	11	1	02/07/24 11:33:55 AM	
1671	800	11	1	02/07/24 11:33:56 AM	
1672	800	13	1	02/07/24 11:33:58 AM	
1673	800	12	1	02/07/24 11:33:59 AM	
1674	800	7	1	02/07/24 11:34:00 AM	
1675	800	12	1	02/07/24 11:34:01 AM	
1676	800	10	1	02/07/24 11:34:02 AM	
1677	800	12	1	02/07/24 11:34:03 AM	
1678	800	9	1	02/07/24 11:34:04 AM	
1679	800	9	1	02/07/24 11:34:06 AM	
1680	800	11	1	02/07/24 11:34:07 AM	
1681	800	7	1	02/07/24 11:34:08 AM	
1682	800	11	1	02/07/24 11:34:09 AM	
1683	800	12	1	02/07/24 11:34:10 AM	
1684	800	10	1	02/07/24 11:34:12 AM	
1685	800	8	1	02/07/24 11:34:13 AM	
1686	800	8	1	02/07/24 11:34:14 AM	
1687	800	10	1	02/07/24 11:34:15 AM	
1688	800	10	1	02/07/24 11:34:16 AM	
1689	800	15	1	02/07/24 11:34:17 AM	
1690	800	5	1	02/07/24 11:34:18 AM	
1691	800	15	1	02/07/24 11:34:20 AM	
1692	800	10	1	02/07/24 11:34:21 AM	
1693	800	8	1	02/07/24 11:34:22 AM	
1694	800	11	1	02/07/24 11:34:23 AM	
1695	800	10	1	02/07/24 11:34:24 AM	
1696	800	15	1	02/07/24 11:34:25 AM	
1697	800	14	1	02/07/24 11:34:27 AM	
1698	800	11	1	02/07/24 11:34:28 AM	
1699	800	10	1	02/07/24 11:34:29 AM	
1700	800	11	1	02/07/24 11:34:30 AM	
1701	800	13	1	02/07/24 11:34:31 AM	
1702	800	10	1	02/07/24 11:34:32 AM	
1703	800	9	1	02/07/24 11:34:34 AM	
1704	800	14	1	02/07/24 11:34:35 AM	
1705	800	11	1	02/07/24 11:34:36 AM	
1706	800	12	1	02/07/24 11:34:37 AM	
1707	800	8	1	02/07/24 11:34:38 AM	
1708	800	12	1	02/07/24 11:34:39 AM	
1709	800	9	1	02/07/24 11:34:40 AM	
1710	800	16	1	02/07/24 11:34:42 AM	
1711	800	7	1	02/07/24 11:34:43 AM	
1712	800	13	1	02/07/24 11:34:44 AM	
1713	800	10	1	02/07/24 11:34:45 AM	
1714	800	9	1	02/07/24 11:34:46 AM	
1715	800	15	1	02/07/24 11:34:47 AM	
1716	800	6	1	02/07/24 11:34:49 AM	
1717	800	4	1	02/07/24 11:34:50 AM	
1718	800	10	1	02/07/24 11:34:51 AM	
1719	800	16	1	02/07/24 11:34:52 AM	
1720	800	10	1	02/07/24 11:34:53 AM	
1721	800	5	1	02/07/24 11:34:54 AM	
1722	800	16	1	02/07/24 11:34:56 AM	
1723	800	11	1	02/07/24 11:34:57 AM	
1724	800	14	1	02/07/24 11:34:58 AM	
1725	800	15	1	02/07/24 11:34:59 AM	
1726	800	13	1	02/07/24 11:35:00 AM	
1727	800	10	1	02/07/24 11:35:01 AM	
1728	800	16	1	02/07/24 11:35:02 AM	
1729	800	7	1	02/07/24 11:35:04 AM	
1730	800	14	1	02/07/24 11:35:05 AM	
1731	800	17	1	02/07/24 11:35:06 AM	
1732	800	12	1	02/07/24 11:35:07 AM	
1733	800	16	1	02/07/24 11:35:08 AM	
1734	800	13	1	02/07/24 11:35:09 AM	
1735	800	12	1	02/07/24 11:35:11 AM	
1736	800	8	1	02/07/24 11:35:12 AM	
1737	800	16	1	02/07/24 11:35:13 AM	
1738	800	7	1	02/07/24 11:35:14 AM	
1739	800	12	1	02/07/24 11:35:15 AM	
1740	800	8	1	02/07/24 11:35:16 AM	
1741	800	8	1	02/07/24 11:35:17 AM	
1742	800	14	1	02/07/24 11:35:19 AM	
1743	800	16	1	02/07/24 11:35:20 AM	
1744	800	7	1	02/07/24 11:35:21 AM	
1745	800	14	1	02/07/24 11:35:22 AM	
1746	800	12	1	02/07/24 11:35:23 AM	
1747	800	5	1	02/07/24 11:35:24 AM	
1748	800	9	1	02/07/24 11:35:26 AM	
1749	800	12	1	02/07/24 11:35:27 AM	
1750	800	8	1	02/07/24 11:35:28 AM	
1751	800	10	1	02/07/24 11:35:29 AM	
1752	800	3	1	02/07/24 11:35:30 AM	
1753	800	8	1	02/07/24 11:35:31 AM	
1754	800	4	1	02/07/24 11:35:32 AM	
1755	800	16	1	02/07/24 11:35:34 AM	
1756	800	13	1	02/07/24 11:35:35 AM	
1757	800	11	1	02/07/24 11:35:36 AM	
1758	800	8	1	02/07/24 11:35:37 AM	
1759	800	14	1	02/07/24 11:35:38 AM	
1760	800	9	1	02/07/24 11:35:39 AM	
1761	800	14	1	02/07/24 11:35:40 AM	
1762	800	8	1	02/07/24 11:35:42 AM	
1763	800	9	1	02/07/24 11:35:43 AM	
1764	800	14	1	02/07/24 11:35:44 AM	
1765	800	12	1	02/07/24 11:35:45 AM	
1766	800	13	1	02/07/24 11:35:46 AM	
1767	800	13	1	02/07/24 11:35:47 AM	
1768	800	11	1	02/07/24 11:35:49 AM	
1769	800	5	1	02/07/24 11:35:50 AM	
1770	800	8	1	02/07/24 11:35:51 AM	
1771	800	13	1	02/07/24 11:35:52 AM	
1772	800	11	1	02/07/24 11:35:53 AM	
1773	800	11	1	02/07/24 11:35:54 AM	
1774	800	13	1	02/07/24 11:35:56 AM	
1775	800	8	1	02/07/24 11:35:57 AM	
1776	800	15	1	02/07/24 11:35:58 AM	
1777	800	12	1	02/07/24 11:35:59 AM	
1778	800	15	1	02/07/24 11:36:00 AM	
1779	800	17	1	02/07/24 11:36:01 AM	
1780	800	14	1	02/07/24 11:36:02 AM	
1781	800	12	1	02/07/24 11:36:04 AM	
1782	800	9	1	02/07/24 11:36:05 AM	
1783	800	8	1	02/07/24 11:36:06 AM	
1784	800	8	1	02/07/24 11:36:07 AM	
1785	800	9	1	02/07/24 11:36:08 AM	
1786	800	13	1	02/07/24 11:36:09 AM	
1787	800	9	1	02/07/24 11:36:11 AM	
1788	800	10	1	02/07/24 11:36:12 AM	
1789	800	10	1	02/07/24 11:36:13 AM	
1790	800	10	1	02/07/24 11:36:14 AM	
1791	800	20	1	02/07/24 11:36:15 AM	
1792	800	17	1	02/07/24 11:36:16 AM	
1793	800	8	1	02/07/24 11:36:17 AM	
1794	800	5	1	02/07/24 11:36:19 AM	
1795	800	11	1	02/07/24 11:36:20 AM	
1796	800	9	1	02/07/24 11:36:21 AM	
1797	800	12	1	02/07/24 11:36:22 AM	
1798	800	12	1	02/07/24 11:36:23 AM	
1799	800	9	1	02/07/24 11:36:24 AM	
1800	800	8	1	02/07/24 11:36:26 AM	
1801	800	10	1	02/07/24 11:36:27 AM	
1802	800	13	1	02/07/24 11:36:28 AM	
1803	800	6	1	02/07/24 11:36:29 AM	
1804	800	10	1	02/07/24 11:36:30 AM	
1805	800	6	1	02/07/24 11:36:31 AM	
1806	800	8	1	02/07/24 11:36:32 AM	
1807	800	13	1	02/07/24 11:36:34 AM	
1808	800	10	1	02/07/24 11:36:35 AM	
1809	800	12	1	02/07/24 11:36:36 AM	
1810	800	12	1	02/07/24 11:36:37 AM	
1811	800	13	1	02/07/24 11:36:38 AM	
1812	800	10	1	02/07/24 11:36:39 AM	
1813	800	10	1	02/07/24 11:36:40 AM	
1814	800	6	1	02/07/24 11:36:42 AM	
1815	800	12	1	02/07/24 11:36:43 AM	
1816	800	11	1	02/07/24 11:36:44 AM	
1817	800	10	1	02/07/24 11:36:45 AM	
1818	800	6	1	02/07/24 11:36:46 AM	
1819	800	13	1	02/07/24 11:36:48 AM	
1820	800	15	1	02/07/24 11:36:49 AM	
1821	800	7	1	02/07/24 11:36:50 AM	
1822	800	16	1	02/07/24 11:36:51 AM	
1823	800	12	1	02/07/24 11:36:52 AM	
1824	800	13	1	02/07/24 11:36:53 AM	
1825	800	6	1	02/07/24 11:36:54 AM	
1826	800	13	1	02/07/24 11:36:56 AM	
1827	800	7	1	02/07/24 11:36:57 AM	
1828	800	7	1	02/07/24 11:36:58 AM	
1829	800	7	1	02/07/24 11:36:59 AM	
1830	800	15	1	02/07/24 11:37:00 AM	
1831	800	6	1	02/07/24 11:37:01 AM	
1832	800	14	1	02/07/24 11:37:02 AM	
1833	800	13	1	02/07/24 11:37:04 AM	
1834	800	10	1	02/07/24 11:37:05 AM	
1835	800	16	1	02/07/24 11:37:06 AM	
1836	800	8	1	02/07/24 11:37:07 AM	
1837	800	11	1	02/07/24 11:37:08 AM	
1838	800	12	1	02/07/24 11:37:09 AM	
1839	800	8	1	02/07/24 11:37:10 AM	
1840	800	12	1	02/07/24 11:37:12 AM	
1841	800	10	1	02/07/24 11:37:13 AM	
1842	800	7	1	02/07/24 11:37:14 AM	
1843	800	10	1	02/07/24 11:37:15 AM	
1844	800	8	1	02/07/24 11:37:16 AM	
1845	800	10	1	02/07/24 11:37:17 AM	
1846	800	10	1	02/07/24 11:37:18 AM	
1847	800	15	1	02/07/24 11:37:20 AM	
1848	800	14	1	02/07/24 11:37:21 AM	
1849	800	11	1	02/07/24 11:37:22 AM	
1850	800	8	1	02/07/24 11:37:23 AM	
1851	800	11	1	02/07/24 11:37:24 AM	
1852	800	11	1	02/07/24 11:37:25 AM	
1853	800	5	1	02/07/24 11:37:27 AM	
1854	800	14	1	02/07/24 11:37:28 AM	
1855	800	12	1	02/07/24 11:37:29 AM	
1856	800	14	1	02/07/24 11:37:30 AM	
1857	800	6	1	02/07/24 11:37:31 AM	
1858	800	7	1	02/07/24 11:37:32 AM	
1859	800	12	1	02/07/24 11:37:34 AM	
1860	800	8	1	02/07/24 11:37:35 AM	
1861	800	12	1	02/07/24 11:37:36 AM	
1862	800	11	1	02/07/24 11:37:37 AM	
1863	800	11	1	02/07/24 11:37:38 AM	
1864	800	9	1	02/07/24 11:37:39 AM	
1865	800	12	1	02/07/24 11:37:41 AM	
1866	800	14	1	02/07/24 11:37:42 AM	
1867	800	9	1	02/07/24 11:37:43 AM	
1868	800	8	1	02/07/24 11:37:44 AM	
1869	800	6	1	02/07/24 11:37:45 AM	
1870	800	11	1	02/07/24 11:37:46 AM	
1871	800	15	1	02/07/24 11:37:47 AM	
1872	800	13	1	02/07/24 11:37:49 AM	
1873	800	8	1	02/07/24 11:37:50 AM	
1874	800	15	1	02/07/24 11:37:51 AM	
1875	800	13	1	02/07/24 11:37:52 AM	
1876	800	11	1	02/07/24 11:37:53 AM	
1877	800	12	1	02/07/24 11:37:54 AM	
1878	800	10	1	02/07/24 11:37:55 AM	
1879	800	12	1	02/07/24 11:37:57 AM	
1880	800	11	1	02/07/24 11:37:58 AM	
1881	800	8	1	02/07/24 11:37:59 AM	
1882	800	11	1	02/07/24 11:38:00 AM	
1883	800	9	1	02/07/24 11:38:01 AM	
1884	800	16	1	02/07/24 11:38:02 AM	
1885	800	15	1	02/07/24 11:38:04 AM	
1886	800	12	1	02/07/24 11:38:05 AM	
1887	800	12	1	02/07/24 11:38:06 AM	
1888	800	11	1	02/07/24 11:38:07 AM	
1889	800	5	1	02/07/24 11:38:08 AM	
1890	800	14	1	02/07/24 11:38:09 AM	
1891	800	11	1	02/07/24 11:38:10 AM	
1892	800	8	1	02/07/24 11:38:12 AM	
1893	800	11	1	02/07/24 11:38:13 AM	
1894	800	7	1	02/07/24 11:38:14 AM	
1895	800	7	1	02/07/24 11:38:15 AM	
1896	800	19	1	02/07/24 11:38:16 AM	
1897	800	12	1	02/07/24 11:38:17 AM	
1898	800	10	1	02/07/24 11:38:19 AM	
1899	800	16	1	02/07/24 11:38:20 AM	
1900	800	5	1	02/07/24 11:38:21 AM	
1901	800	6	1	02/07/24 11:38:22 AM	
1902	800	8	1	02/07/24 11:38:23 AM	
1903	800	13	1	02/07/24 11:38:24 AM	
1904	800	11	1	02/07/24 11:38:25 AM	
1905	800	15	1	02/07/24 11:38:27 AM	
1906	800	16	1	02/07/24 11:38:28 AM	
1907	800	8	1	02/07/24 11:38:29 AM	
1908	800	6	1	02/07/24 11:38:30 AM	
1909	800	13	1	02/07/24 11:38:31 AM	
1910	800	11	1	02/07/24 11:38:32 AM	
1911	800	10	1	02/07/24 11:38:34 AM	
1912	800	8	1	02/07/24 11:38:35 AM	
1913	800	6	1	02/07/24 11:38:36 AM	
1914	800	9	1	02/07/24 11:38:37 AM	
1915	800	8	1	02/07/24 11:38:38 AM	
1916	800	13	1	02/07/24 11:38:39 AM	
1917	800	11	1	02/07/24 11:38:40 AM	
1918	800	11	1	02/07/24 11:38:42 AM	
1919	800	6	1	02/07/24 11:38:43 AM	
1920	800	8	1	02/07/24 11:38:44 AM	
1921	800	12	1	02/07/24 11:38:45 AM	
1922	800	17	1	02/07/24 11:38:46 AM	
1923	800	7	1	02/07/24 11:38:48 AM	
1924	800	13	1	02/07/24 11:38:49 AM	
1925	800	6	1	02/07/24 11:38:50 AM	
1926	800	14	1	02/07/24 11:38:51 AM	
1927	800	7	1	02/07/24 11:38:52 AM	
1928	800	8	1	02/07/24 11:38:53 AM	
1929	800	19	1	02/07/24 11:38:54 AM	
1930	800	15	1	02/07/24 11:38:56 AM	
1931	800	9	1	02/07/24 11:38:57 AM	
1932	800	10	1	02/07/24 11:38:58 AM	
1933	800	7	1	02/07/24 11:38:59 AM	
1934	800	5	1	02/07/24 11:39:00 AM	
1935	800	15	1	02/07/24 11:39:01 AM	
1936	800	10	1	02/07/24 11:39:02 AM	
1937	800	10	1	02/07/24 11:39:04 AM	
1938	800	13	1	02/07/24 11:39:05 AM	
1939	800	7	1	02/07/24 11:39:06 AM	
1940	800	12	1	02/07/24 11:39:07 AM	
1941	800	9	1	02/07/24 11:39:08 AM	
1942	800	6	1	02/07/24 11:39:09 AM	
1943	800	12	1	02/07/24 11:39:11 AM	
1944	800	10	1	02/07/24 11:39:12 AM	
1945	800	10	1	02/07/24 11:39:13 AM	
1946	800	14	1	02/07/24 11:39:14 AM	
1947	800	8	1	02/07/24 11:39:15 AM	
1948	800	16	1	02/07/24 11:39:16 AM	
1949	800	5	1	02/07/24 11:39:18 AM	
1950	800	18	1	02/07/24 11:39:19 AM	
1951	800	14	1	02/07/24 11:39:20 AM	
1952	800	11	1	02/07/24 11:39:21 AM	
1953	800	14	1	02/07/24 11:39:22 AM	
1954	800	12	1	02/07/24 11:39:23 AM	
1955	800	10	1	02/07/24 11:39:24 AM	
1956	800	10	1	02/07/24 11:39:26 AM	
1957	800	6	1	02/07/24 11:39:27 AM	
1958	800	10	1	02/07/24 11:39:28 AM	
1959	800	7	1	02/07/24 11:39:29 AM	
1960	800	10	1	02/07/24 11:39:30 AM	
1961	800	6	1	02/07/24 11:39:31 AM	
1962	800	10	1	02/07/24 11:39:33 AM	
1963	800	11	1	02/07/24 11:39:34 AM	
1964	800	11	1	02/07/24 11:39:35 AM	
1965	800	13	1	02/07/24 11:39:36 AM	
1966	800	14	1	02/07/24 11:39:37 AM	
1967	800	3	1	02/07/24 11:39:38 AM	
1968	800	11	1	02/07/24 11:39:39 AM	
1969	800	15	1	02/07/24 11:39:41 AM	
1970	800	14	1	02/07/24 11:39:42 AM	
1971	800	13	1	02/07/24 11:39:43 AM	
1972	800	7	1	02/07/24 11:39:44 AM	
1973	800	12	1	02/07/24 11:39:45 AM	
1974	800	14	1	02/07/24 11:39:46 AM	
1975	800	13	1	02/07/24 11:39:47 AM	
1976	800	11	1	02/07/24 11:39:49 AM	
1977	800	13	1	02/07/24 11:39:50 AM	
1978	800	13	1	02/07/24 11:39:51 AM	
1979	800	15	1	02/07/24 11:39:52 AM	
1980	800	7	1	02/07/24 11:39:53 AM	
1981	800	7	1	02/07/24 11:39:54 AM	
1982	800	11	1	02/07/24 11:39:56 AM	
1983	800	13	1	02/07/24 11:39:57 AM	
1984	800	8	1	02/07/24 11:39:58 AM	
1985	800	9	1	02/07/24 11:39:59 AM	
1986	800	17	1	02/07/24 11:40:00 AM	
1987	800	14	1	02/07/24 11:40:01 AM	
1988	800	8	1	02/07/24 11:40:03 AM	
1989	800	9	1	02/07/24 11:40:04 AM	
1990	800	5	1	02/07/24 11:40:05 AM	
1991	800	9	1	02/07/24 11:40:06 AM	
1992	800	9	1	02/07/24 11:40:07 AM	
1993	800	12	1	02/07/24 11:40:08 AM	
1994	800	11	1	02/07/24 11:40:09 AM	
1995	800	11	1	02/07/24 11:40:11 AM	
1996	800	11	1	02/07/24 11:40:12 AM	
1997	800	14	1	02/07/24 11:40:13 AM	
1998	800	13	1	02/07/24 11:40:14 AM	
1999	800	7	1	02/07/24 11:40:15 AM	
2000	800	13	1	02/07/24 11:40:16 AM	
2001	800	11	1	02/07/24 11:40:17 AM	
2002	800	6	1	02/07/24 11:40:19 AM	
2003	800	16	1	02/07/24 11:40:20 AM	
2004	800	10	1	02/07/24 11:40:21 AM	
2005	800	10	1	02/07/24 11:40:22 AM	
2006	800	10	1	02/07/24 11:40:23 AM	
2007	800	9	1	02/07/24 11:40:24 AM	
2008	800	13	1	02/07/24 11:40:26 AM	
2009	800	13	1	02/07/24 11:40:27 AM	
2010	800	14	1	02/07/24 11:40:28 AM	
2011	800	16	1	02/07/24 11:40:29 AM	
2012	800	15	1	02/07/24 11:40:30 AM	
2013	800	16	1	02/07/24 11:40:31 AM	
2014	800	12	1	02/07/24 11:40:32 AM	
2015	800	13	1	02/07/24 11:40:34 AM	
2016	800	13	1	02/07/24 11:40:35 AM	
2017	800	14	1	02/07/24 11:40:36 AM	
2018	800	11	1	02/07/24 11:40:37 AM	
2019	800	15	1	02/07/24 11:40:38 AM	
2020	800	6	1	02/07/24 11:40:40 AM	
2021	800	15	1	02/07/24 11:40:41 AM	
2022	800	13	1	02/07/24 11:40:42 AM	
2023	800	11	1	02/07/24 11:40:43 AM	
2024	800	10	1	02/07/24 11:40:44 AM	
2025	800	13	1	02/07/24 11:40:45 AM	
2026	800	8	1	02/07/24 11:40:46 AM	
2027	800	12	1	02/07/24 11:40:48 AM	
2028	800	7	1	02/07/24 11:40:49 AM	
2029	800	4	1	02/07/24 11:40:50 AM	
2030	800	12	1	02/07/24 11:40:51 AM	
2031	800	9	1	02/07/24 11:40:52 AM	
2032	800	6	1	02/07/24 11:40:53 AM	
2033	800	16	1	02/07/24 11:40:55 AM	
2034	800	10	1	02/07/24 11:40:56 AM	
2035	800	8	1	02/07/24 11:40:57 AM	
2036	800	17	1	02/07/24 11:40:58 AM	
2037	800	11	1	02/07/24 11:40:59 AM	
2038	800	4	1	02/07/24 11:41:00 AM	
2039	800	13	1	02/07/24 11:41:02 AM	
2040	800	11	1	02/07/24 11:41:03 AM	
2041	800	13	1	02/07/24 11:41:04 AM	
2042	800	13	1	02/07/24 11:41:05 AM	
2043	800	11	1	02/07/24 11:41:06 AM	
2044	800	6	1	02/07/24 11:41:07 AM	
2045	800	14	1	02/07/24 11:41:09 AM	
2046	800	13	1	02/07/24 11:41:10 AM	
2047	800	11	1	02/07/24 11:41:11 AM	
2048	800	8	1	02/07/24 11:41:12 AM	
2049	800	8	1	02/07/24 11:41:13 AM	
2050	800	13	1	02/07/24 11:41:14 AM	
2051	800	15	1	02/07/24 11:41:15 AM	
2052	800	9	1	02/07/24 11:41:17 AM	
2053	800	16	1	02/07/24 11:41:18 AM	
2054	800	13	1	02/07/24 11:41:19 AM	
2055	800	12	1	02/07/24 11:41:20 AM	
2056	800	12	1	02/07/24 11:41:21 AM	
2057	800	14	1	02/07/24 11:41:22 AM	
2058	800	13	1	02/07/24 11:41:23 AM	
2059	800	7	1	02/07/24 11:41:25 AM	
2060	800	12	1	02/07/24 11:41:26 AM	
2061	800	13	1	02/07/24 11:41:27 AM	
2062	800	7	1	02/07/24 11:41:28 AM	
2063	800	9	1	02/07/24 11:41:29 AM	
2064	800	7	1	02/07/24 11:41:30 AM	
2065	800	6	1	02/07/24 11:41:32 AM	
2066	800	10	1	02/07/24 11:41:33 AM	
2067	800	13	1	02/07/24 11:41:34 AM	
2068	800	11	1	02/07/24 11:41:35 AM	
2069	800	14	1	02/07/24 11:41:36 AM	
2070	800	7	1	02/07/24 11:41:37 AM	
2071	800	5	1	02/07/24 11:41:38 AM	
2072	800	14	1	02/07/24 11:41:40 AM	
2073	800	12	1	02/07/24 11:41:41 AM	
2074	800	7	1	02/07/24 11:41:42 AM	
2075	800	5	1	02/07/24 11:41:43 AM	
2076	800	6	1	02/07/24 11:41:44 AM	
2077	800	5	1	02/07/24 11:41:45 AM	
2078	800	16	1	02/07/24 11:41:46 AM	
2079	800	8	1	02/07/24 11:41:48 AM	
2080	800	6	1	02/07/24 11:41:49 AM	
2081	800	15	1	02/07/24 11:41:50 AM	
2082	800	14	1	02/07/24 11:41:51 AM	
2083	800	13	1	02/07/24 11:41:52 AM	
2084	800	11	1	02/07/24 11:41:53 AM	
2085	800	6	1	02/07/24 11:41:54 AM	
2086	800	8	1	02/07/24 11:41:56 AM	
2087	800	11	1	02/07/24 11:41:57 AM	
2088	800	15	1	02/07/24 11:41:58 AM	
2089	800	10	1	02/07/24 11:41:59 AM	
2090	800	11	1	02/07/24 11:42:00 AM	
2091	800	11	1	02/07/24 11:42:02 AM	
2092	800	9	1	02/07/24 11:42:03 AM	
2093	800	10	1	02/07/24 11:42:04 AM	
2094	800	7	1	02/07/24 11:42:05 AM	
2095	800	12	1	02/07/24 11:42:06 AM	
2096	800	11	1	02/07/24 11:42:07 AM	
2097	800	6	1	02/07/24 11:42:08 AM	
2098	800	14	1	02/07/24 11:42:10 AM	
2099	800	7	1	02/07/24 11:42:11 AM	
2100	800	12	1	02/07/24 11:42:12 AM	
2101	800	7	1	02/07/24 11:42:13 AM	
2102	800	11	1	02/07/24 11:42:14 AM	
2103	800	5	1	02/07/24 11:42:15 AM	
2104	800	11	1	02/07/24 11:42:16 AM	
2105	800	7	1	02/07/24 11:42:18 AM	
2106	800	11	1	02/07/24 11:42:19 AM	
2107	800	10	1	02/07/24 11:42:20 AM	
2108	800	11	1	02/07/24 11:42:21 AM	
2109	800	8	1	02/07/24 11:42:22 AM	
2110	800	12	1	02/07/24 11:42:23 AM	
2111	800	14	1	02/07/24 11:42:25 AM	
2112	800	14	1	02/07/24 11:42:26 AM	
2113	800	10	1	02/07/24 11:42:27 AM	
2114	800	17	1	02/07/24 11:42:28 AM	
2115	800	14	1	02/07/24 11:42:29 AM	
2116	800	15	1	02/07/24 11:42:30 AM	
2117	800	7	1	02/07/24 11:42:31 AM	
2118	800	14	1	02/07/24 11:42:33 AM	
2119	800	13	1	02/07/24 11:42:34 AM	
2120	800	14	1	02/07/24 11:42:35 AM	
2121	800	11	1	02/07/24 11:42:36 AM	
2122	800	11	1	02/07/24 11:42:37 AM	
2123	800	6	1	02/07/24 11:42:38 AM	
2124	800	14	1	02/07/24 11:42:40 AM	
2125	800	12	1	02/07/24 11:42:41 AM	
2126	800	16	1	02/07/24 11:42:42 AM	
2127	800	3	1	02/07/24 11:42:43 AM	
2128	800	12	1	02/07/24 11:42:44 AM	
2129	800	9	1	02/07/24 11:42:45 AM	
2130	800	17	1	02/07/24 11:42:46 AM	
2131	800	10	1	02/07/24 11:42:48 AM	
2132	800	11	1	02/07/24 11:42:49 AM	
2133	800	9	1	02/07/24 11:42:50 AM	
2134	800	8	1	02/07/24 11:42:51 AM	
2135	800	8	1	02/07/24 11:42:52 AM	
2136	800	15	1	02/07/24 11:42:53 AM	
2137	800	16	1	02/07/24 11:42:54 AM	
2138	800	5	1	02/07/24 11:42:56 AM	
2139	800	9	1	02/07/24 11:42:57 AM	
2140	800	9	1	02/07/24 11:42:58 AM	
2141	800	9	1	02/07/24 11:42:59 AM	
2142	800	14	1	02/07/24 11:43:00 AM	
2143	800	16	1	02/07/24 11:43:01 AM	
2144	800	10	1	02/07/24 11:43:02 AM	
2145	800	10	1	02/07/24 11:43:04 AM	
2146	800	9	1	02/07/24 11:43:05 AM	
2147	800	13	1	02/07/24 11:43:06 AM	
2148	800	17	1	02/07/24 11:43:07 AM	
2149	800	10	1	02/07/24 11:43:08 AM	
2150	800	8	1	02/07/24 11:43:09 AM	
2151	800	14	1	02/07/24 11:43:11 AM	
2152	800	8	1	02/07/24 11:43:12 AM	
2153	800	7	1	02/07/24 11:43:13 AM	
2154	800	9	1	02/07/24 11:43:14 AM	
2155	800	10	1	02/07/24 11:43:15 AM	
2156	800	14	1	02/07/24 11:43:16 AM	
2157	800	7	1	02/07/24 11:43:17 AM	
2158	800	15	1	02/07/24 11:43:19 AM	
2159	800	13	1	02/07/24 11:43:20 AM	
2160	800	14	1	02/07/24 11:43:21 AM	
2161	800	10	1	02/07/24 11:43:22 AM	
2162	800	14	1	02/07/24 11:43:23 AM	
2163	800	15	1	02/07/24 11:43:24 AM	
2164	800	10	1	02/07/24 11:43:25 AM	
2165	800	13	1	02/07/24 11:43:27 AM	
2166	800	9	1	02/07/24 11:43:28 AM	
2167	800	9	1	02/07/24 11:43:29 AM	
2168	800	13	1	02/07/24 11:43:30 AM	
2169	800	12	1	02/07/24 11:43:31 AM	
2170	800	5	1	02/07/24 11:43:32 AM	
2171	800	7	1	02/07/24 11:43:34 AM	
2172	800	14	1	02/07/24 11:43:35 AM	
2173	800	9	1	02/07/24 11:43:36 AM	
2174	800	8	1	02/07/24 11:43:37 AM	
2175	800	8	1	02/07/24 11:43:38 AM	
2176	800	11	1	02/07/24 11:43:39 AM	
2177	800	9	1	02/07/24 11:43:40 AM	
2178	800	23	1	02/07/24 11:43:42 AM	
2179	800	17	1	02/07/24 11:43:43 AM	
2180	800	6	1	02/07/24 11:43:44 AM	
2181	800	14	1	02/07/24 11:43:45 AM	
2182	800	8	1	02/07/24 11:43:46 AM	
2183	800	9	1	02/07/24 11:43:47 AM	
2184	800	16	1	02/07/24 11:43:48 AM	
2185	800	16	1	02/07/24 11:43:50 AM	
2186	800	9	1	02/07/24 11:43:51 AM	
2187	800	10	1	02/07/24 11:43:52 AM	
2188	800	9	1	02/07/24 11:43:53 AM	
2189	800	11	1	02/07/24 11:43:54 AM	
2190	800	7	1	02/07/24 11:43:55 AM	
2191	800	9	1	02/07/24 11:43:57 AM	
2192	800	14	1	02/07/24 11:43:58 AM	
2193	800	9	1	02/07/24 11:43:59 AM	
2194	800	9	1	02/07/24 11:44:00 AM	
2195	800	7	1	02/07/24 11:44:01 AM	
2196	800	15	1	02/07/24 11:44:02 AM	
2197	800	8	1	02/07/24 11:44:04 AM	
2198	800	12	1	02/07/24 11:44:05 AM	
2199	800	10	1	02/07/24 11:44:06 AM	
2200	800	15	1	02/07/24 11:44:07 AM	
2201	800	15	1	02/07/24 11:44:08 AM	
2202	800	9	1	02/07/24 11:44:09 AM	
2203	800	12	1	02/07/24 11:44:11 AM	
2204	800	8	1	02/07/24 11:44:12 AM	
2205	800	15	1	02/07/24 11:44:13 AM	
2206	800	13	1	02/07/24 11:44:14 AM	
2207	800	14	1	02/07/24 11:44:15 AM	
2208	800	14	1	02/07/24 11:44:16 AM	
2209	800	12	1	02/07/24 11:44:18 AM	
2210	800	10	1	02/07/24 11:44:19 AM	
2211	800	16	1	02/07/24 11:44:20 AM	
2212	800	5	1	02/07/24 11:44:21 AM	
2213	800	14	1	02/07/24 11:44:22 AM	
2214	800	9	1	02/07/24 11:44:23 AM	
2215	800	9	1	02/07/24 11:44:25 AM	
2216	800	6	1	02/07/24 11:44:26 AM	
2217	800	13	1	02/07/24 11:44:27 AM	
2218	800	7	1	02/07/24 11:44:28 AM	
2219	800	12	1	02/07/24 11:44:29 AM	
2220	800	9	1	02/07/24 11:44:30 AM	
2221	800	17	1	02/07/24 11:44:31 AM	
2222	800	11	1	02/07/24 11:44:33 AM	
2223	800	13	1	02/07/24 11:44:34 AM	
2224	800	6	1	02/07/24 11:44:35 AM	
2225	800	11	1	02/07/24 11:44:36 AM	
2226	800	12	1	02/07/24 11:44:37 AM	
2227	800	13	1	02/07/24 11:44:38 AM	
2228	800	8	1	02/07/24 11:44:40 AM	
2229	800	13	1	02/07/24 11:44:41 AM	
2230	800	14	1	02/07/24 11:44:42 AM	
2231	800	14	1	02/07/24 11:44:43 AM	
2232	800	11	1	02/07/24 11:44:44 AM	
2233	800	7	1	02/07/24 11:44:45 AM	
2234	800	10	1	02/07/24 11:44:46 AM	
2235	800	19	1	02/07/24 11:44:48 AM	
2236	800	13	1	02/07/24 11:44:49 AM	
2237	800	14	1	02/07/24 11:44:50 AM	
2238	800	8	1	02/07/24 11:44:51 AM	
2239	800	14	1	02/07/24 11:44:52 AM	
2240	800	12	1	02/07/24 11:44:53 AM	
2241	800	6	1	02/07/24 11:44:55 AM	
2242	800	14	1	02/07/24 11:44:56 AM	
2243	800	14	1	02/07/24 11:44:57 AM	
2244	800	12	1	02/07/24 11:44:58 AM	
2245	800	9	1	02/07/24 11:44:59 AM	
2246	800	8	1	02/07/24 11:45:00 AM	
2247	800	6	1	02/07/24 11:45:02 AM	
2248	800	12	1	02/07/24 11:45:03 AM	
2249	800	8	1	02/07/24 11:45:04 AM	
2250	800	13	1	02/07/24 11:45:05 AM	
2251	800	12	1	02/07/24 11:45:06 AM	
2252	800	17	1	02/07/24 11:45:07 AM	
2253	800	17	1	02/07/24 11:45:09 AM	
2254	800	10	1	02/07/24 11:45:10 AM	
2255	800	9	1	02/07/24 11:45:11 AM	
2256	800	9	1	02/07/24 11:45:12 AM	
2257	800	13	1	02/07/24 11:45:13 AM	
2258	800	9	1	02/07/24 11:45:14 AM	
2259	800	6	1	02/07/24 11:45:15 AM	
2260	800	7	1	02/07/24 11:45:17 AM	
2261	800	8	1	02/07/24 11:45:18 AM	
2262	800	10	1	02/07/24 11:45:19 AM	
2263	800	15	1	02/07/24 11:45:20 AM	
2264	800	12	1	02/07/24 11:45:21 AM	
2265	800	12	1	02/07/24 11:45:22 AM	
2266	800	11	1	02/07/24 11:45:23 AM	
2267	800	9	1	02/07/24 11:45:25 AM	
2268	800	16	1	02/07/24 11:45:26 AM	
2269	800	6	1	02/07/24 11:45:27 AM	
2270	800	8	1	02/07/24 11:45:28 AM	
2271	800	12	1	02/07/24 11:45:29 AM	
2272	800	6	1	02/07/24 11:45:30 AM	
2273	800	15	1	02/07/24 11:45:32 AM	
2274	800	5	1	02/07/24 11:45:33 AM	
2275	800	13	1	02/07/24 11:45:34 AM	
2276	800	8	1	02/07/24 11:45:35 AM	
2277	800	9	1	02/07/24 11:45:36 AM	
2278	800	14	1	02/07/24 11:45:37 AM	
2279	800	10	1	02/07/24 11:45:38 AM	
2280	800	16	1	02/07/24 11:45:40 AM	
2281	800	14	1	02/07/24 11:45:41 AM	
2282	800	6	1	02/07/24 11:45:42 AM	
2283	800	6	1	02/07/24 11:45:43 AM	
2284	800	10	1	02/07/24 11:45:44 AM	
2285	800	9	1	02/07/24 11:45:45 AM	
2286	800	9	1	02/07/24 11:45:46 AM	
2287	800	11	1	02/07/24 11:45:48 AM	
2288	800	10	1	02/07/24 11:45:49 AM	
2289	800	8	1	02/07/24 11:45:50 AM	
2290	800	8	1	02/07/24 11:45:51 AM	
2291	800	8	1	02/07/24 11:45:52 AM	
2292	800	9	1	02/07/24 11:45:53 AM	
2293	800	14	1	02/07/24 11:45:55 AM	
2294	800	6	1	02/07/24 11:45:56 AM	
2295	800	11	1	02/07/24 11:45:57 AM	
2296	800	9	1	02/07/24 11:45:58 AM	
2297	800	10	1	02/07/24 11:45:59 AM	
2298	800	20	1	02/07/24 11:46:00 AM	
2299	800	13	1	02/07/24 11:46:01 AM	
2300	800	13	1	02/07/24 11:46:03 AM	
2301	800	10	1	02/07/24 11:46:04 AM	
2302	800	16	1	02/07/24 11:46:05 AM	
2303	800	9	1	02/07/24 11:46:06 AM	
2304	800	12	1	02/07/24 11:46:07 AM	
2305	800	13	1	02/07/24 11:46:08 AM	
2306	800	12	1	02/07/24 11:46:10 AM	
2307	800	13	1	02/07/24 11:46:11 AM	
2308	800	14	1	02/07/24 11:46:12 AM	
2309	800	4	1	02/07/24 11:46:13 AM	
2310	800	16	1	02/07/24 11:46:14 AM	
2311	800	11	1	02/07/24 11:46:15 AM	
2312	800	9	1	02/07/24 11:46:17 AM	
2313	800	5	1	02/07/24 11:46:18 AM	
2314	800	14	1	02/07/24 11:46:19 AM	
2315	800	12	1	02/07/24 11:46:20 AM	
2316	800	6	1	02/07/24 11:46:21 AM	
2317	800	8	1	02/07/24 11:46:22 AM	
2318	800	11	1	02/07/24 11:46:23 AM	
2319	800	9	1	02/07/24 11:46:25 AM	
2320	800	13	1	02/07/24 11:46:26 AM	
2321	800	11	1	02/07/24 11:46:27 AM	
2322	800	10	1	02/07/24 11:46:28 AM	
2323	800	10	1	02/07/24 11:46:29 AM	
2324	800	10	1	02/07/24 11:46:30 AM	
2325	800	9	1	02/07/24 11:46:31 AM	
2326	800	6	1	02/07/24 11:46:33 AM	
2327	800	8	1	02/07/24 11:46:34 AM	
2328	800	11	1	02/07/24 11:46:35 AM	
2329	800	6	1	02/07/24 11:46:36 AM	
2330	800	10	1	02/07/24 11:46:37 AM	
2331	800	7	1	02/07/24 11:46:39 AM	
2332	800	15	1	02/07/24 11:46:40 AM	
2333	800	14	1	02/07/24 11:46:41 AM	
2334	800	14	1	02/07/24 11:46:42 AM	
2335	800	13	1	02/07/24 11:46:43 AM	
2336	800	8	1	02/07/24 11:46:44 AM	
2337	800	7	1	02/07/24 11:46:45 AM	
2338	800	15	1	02/07/24 11:46:47 AM	
2339	800	7	1	02/07/24 11:46:48 AM	
2340	800	5	1	02/07/24 11:46:49 AM	
2341	800	7	1	02/07/24 11:46:50 AM	
2342	800	15	1	02/07/24 11:46:51 AM	
2343	800	12	1	02/07/24 11:46:52 AM	
2344	800	12	1	02/07/24 11:46:53 AM	
2345	800	5	1	02/07/24 11:46:55 AM	
2346	800	9	1	02/07/24 11:46:56 AM	
2347	800	8	1	02/07/24 11:46:57 AM	
2348	800	17	1	02/07/24 11:46:58 AM	
2349	800	7	1	02/07/24 11:46:59 AM	
2350	800	13	1	02/07/24 11:47:00 AM	
2351	800	10	1	02/07/24 11:47:01 AM	
2352	800	8	1	02/07/24 11:47:03 AM	
2353	800	14	1	02/07/24 11:47:04 AM	
2354	800	13	1	02/07/24 11:47:05 AM	
2355	800	14	1	02/07/24 11:47:06 AM	
2356	800	10	1	02/07/24 11:47:07 AM	
2357	800	13	1	02/07/24 11:47:08 AM	
2358	800	18	1	02/07/24 11:47:10 AM	
2359	800	10	1	02/07/24 11:47:11 AM	
2360	800	13	1	02/07/24 11:47:12 AM	
2361	800	12	1	02/07/24 11:47:13 AM	
2362	800	13	1	02/07/24 11:47:14 AM	
2363	800	9	1	02/07/24 11:47:15 AM	
2364	800	12	1	02/07/24 11:47:16 AM	
2365	800	11	1	02/07/24 11:47:18 AM	
2366	800	12	1	02/07/24 11:47:19 AM	
2367	800	11	1	02/07/24 11:47:20 AM	
2368	800	9	1	02/07/24 11:47:21 AM	
2369	800	16	1	02/07/24 11:47:22 AM	
2370	800	14	1	02/07/24 11:47:23 AM	
2371	800	14	1	02/07/24 11:47:25 AM	
2372	800	8	1	02/07/24 11:47:26 AM	
2373	800	13	1	02/07/24 11:47:27 AM	
2374	800	13	1	02/07/24 11:47:28 AM	
2375	800	16	1	02/07/24 11:47:29 AM	
2376	800	10	1	02/07/24 11:47:30 AM	
2377	800	7	1	02/07/24 11:47:31 AM	
2378	800	11	1	02/07/24 11:47:33 AM	
2379	800	9	1	02/07/24 11:47:34 AM	
2380	800	15	1	02/07/24 11:47:35 AM	
2381	800	8	1	02/07/24 11:47:36 AM	
2382	800	3	1	02/07/24 11:47:37 AM	
2383	800	7	1	02/07/24 11:47:38 AM	
2384	800	11	1	02/07/24 11:47:40 AM	
2385	800	8	1	02/07/24 11:47:41 AM	
2386	800	14	1	02/07/24 11:47:42 AM	
2387	800	12	1	02/07/24 11:47:43 AM	
2388	800	14	1	02/07/24 11:47:44 AM	
2389	800	12	1	02/07/24 11:47:45 AM	
2390	800	9	1	02/07/24 11:47:46 AM	
2391	800	16	1	02/07/24 11:47:48 AM	
2392	800	11	1	02/07/24 11:47:49 AM	
2393	800	8	1	02/07/24 11:47:50 AM	
2394	800	6	1	02/07/24 11:47:51 AM	
2395	800	12	1	02/07/24 11:47:52 AM	
2396	800	7	1	02/07/24 11:47:53 AM	
2397	800	9	1	02/07/24 11:47:54 AM	
2398	800	8	1	02/07/24 11:47:56 AM	
2399	800	9	1	02/07/24 11:47:57 AM	
2400	800	10	1	02/07/24 11:47:58 AM	
2401	800	9	1	02/07/24 11:47:59 AM	
2402	800	8	1	02/07/24 11:48:00 AM	
2403	800	7	1	02/07/24 11:48:01 AM	
2404	800	11	1	02/07/24 11:48:02 AM	
2405	800	11	1	02/07/24 11:48:04 AM	
2406	800	10	1	02/07/24 11:48:05 AM	
2407	800	12	1	02/07/24 11:48:06 AM	
2408	800	10	1	02/07/24 11:48:07 AM	
2409	800	14	1	02/07/24 11:48:08 AM	
2410	800	14	1	02/07/24 11:48:09 AM	
2411	800	10	1	02/07/24 11:48:11 AM	
2412	800	6	1	02/07/24 11:48:12 AM	
2413	800	7	1	02/07/24 11:48:13 AM	
2414	800	19	1	02/07/24 11:48:14 AM	
2415	800	9	1	02/07/24 11:48:15 AM	
2416	800	13	1	02/07/24 11:48:16 AM	
2417	800	9	1	02/07/24 11:48:17 AM	
2418	800	9	1	02/07/24 11:48:19 AM	
2419	800	11	1	02/07/24 11:48:20 AM	
2420	800	13	1	02/07/24 11:48:21 AM	
2421	800	11	1	02/07/24 11:48:22 AM	
2422	800	10	1	02/07/24 11:48:23 AM	
2423	800	9	1	02/07/24 11:48:24 AM	
2424	800	12	1	02/07/24 11:48:25 AM	
2425	800	6	1	02/07/24 11:48:27 AM	
2426	800	9	1	02/07/24 11:48:28 AM	
2427	800	13	1	02/07/24 11:48:29 AM	
2428	800	12	1	02/07/24 11:48:30 AM	
2429	800	7	1	02/07/24 11:48:31 AM	
2430	800	8	1	02/07/24 11:48:32 AM	
2431	800	13	1	02/07/24 11:48:33 AM	
2432	800	12	1	02/07/24 11:48:35 AM	
2433	800	8	1	02/07/24 11:48:36 AM	
2434	800	11	1	02/07/24 11:48:37 AM	
2435	800	13	1	02/07/24 11:48:38 AM	
2436	800	6	1	02/07/24 11:48:39 AM	
2437	800	8	1	02/07/24 11:48:40 AM	
2438	800	12	1	02/07/24 11:48:42 AM	
2439	800	12	1	02/07/24 11:48:43 AM	
2440	800	15	1	02/07/24 11:48:44 AM	
2441	800	9	1	02/07/24 11:48:45 AM	
2442	800	11	1	02/07/24 11:48:46 AM	
2443	800	6	1	02/07/24 11:48:47 AM	
2444	800	6	1	02/07/24 11:48:48 AM	
2445	800	9	1	02/07/24 11:48:50 AM	
2446	800	6	1	02/07/24 11:48:51 AM	
2447	800	12	1	02/07/24 11:48:52 AM	
2448	800	6	1	02/07/24 11:48:53 AM	
2449	800	10	1	02/07/24 11:48:54 AM	
2450	800	9	1	02/07/24 11:48:55 AM	
2451	800	12	1	02/07/24 11:48:57 AM	
2452	800	11	1	02/07/24 11:48:58 AM	
2453	800	10	1	02/07/24 11:48:59 AM	
2454	800	12	1	02/07/24 11:49:00 AM	
2455	800	8	1	02/07/24 11:49:01 AM	
2456	800	12	1	02/07/24 11:49:02 AM	
2457	800	5	1	02/07/24 11:49:04 AM	
2458	800	10	1	02/07/24 11:49:05 AM	
2459	800	9	1	02/07/24 11:49:06 AM	
2460	800	15	1	02/07/24 11:49:07 AM	
2461	800	14	1	02/07/24 11:49:08 AM	
2462	800	12	1	02/07/24 11:49:09 AM	
2463	800	8	1	02/07/24 11:49:10 AM	
2464	800	13	1	02/07/24 11:49:12 AM	
2465	800	7	1	02/07/24 11:49:13 AM	
2466	800	12	1	02/07/24 11:49:14 AM	
2467	800	9	1	02/07/24 11:49:15 AM	
2468	800	5	1	02/07/24 11:49:16 AM	
2469	800	10	1	02/07/24 11:49:17 AM	
2470	800	12	1	02/07/24 11:49:18 AM	
2471	800	7	1	02/07/24 11:49:20 AM	
2472	800	12	1	02/07/24 11:49:21 AM	
2473	800	9	1	02/07/24 11:49:22 AM	
2474	800	10	1	02/07/24 11:49:23 AM	
2475	800	11	1	02/07/24 11:49:24 AM	
2476	800	11	1	02/07/24 11:49:25 AM	
2477	800	11	1	02/07/24 11:49:26 AM	
2478	800	8	1	02/07/24 11:49:28 AM	
2479	800	10	1	02/07/24 11:49:29 AM	
2480	800	7	1	02/07/24 11:49:30 AM	
2481	800	17	1	02/07/24 11:49:31 AM	
2482	800	16	1	02/07/24 11:49:32 AM	
2483	800	17	1	02/07/24 11:49:33 AM	
2484	800	17	1	02/07/24 11:49:34 AM	
2485	800	13	1	02/07/24 11:49:36 AM	
2486	800	8	1	02/07/24 11:49:37 AM	
2487	800	9	1	02/07/24 11:49:38 AM	
2488	800	11	1	02/07/24 11:49:39 AM	
2489	800	12	1	02/07/24 11:49:40 AM	
2490	800	9	1	02/07/24 11:49:41 AM	
2491	800	11	1	02/07/24 11:49:43 AM	
2492	800	6	1	02/07/24 11:49:44 AM	
2493	800	10	1	02/07/24 11:49:45 AM	
2494	800	10	1	02/07/24 11:49:46 AM	
2495	800	9	1	02/07/24 11:49:47 AM	
2496	800	9	1	02/07/24 11:49:49 AM	
2497	800	9	1	02/07/24 11:49:50 AM	
2498	800	16	1	02/07/24 11:49:51 AM	
2499	800	13	1	02/07/24 11:49:52 AM	
2500	800	11	1	02/07/24 11:49:53 AM	
